[{"pointNumber":6,"serverName":"Aadarsh Tripathi","x":-14.6361548556,"y":214.2831364828,"side":"Deuce","serveInPlacement":"T","serveOutcome":"Won"},{"pointNumber":7,"serverName":"Aadarsh Tripathi","x":18.8520778653,"y":243.7430391512,"side":"Ad","serveInPlacement":"T","serveOutcome":"Lost"},{"pointNumber":9,"serverName":"Aadarsh Tripathi","x":140.084629265,"y":231.8116524496,"side":"Ad","serveInPlacement":"Wide","serveOutcome":"Won"},{"pointNumber":10,"serverName":"Aadarsh Tripathi","x":-144.1846511373,"y":174.0590879264,"side":"Deuce","serveInPlacement":"Wide","serveOutcome":"Won"},{"pointNumber":12,"serverName":"Aadarsh Tripathi","x":20.1263013998,"y":227.1943624233,"side":"Ad","serveInPlacement":"T","serveOutcome":"Lost"},{"pointNumber":17,"serverName":"Aadarsh Tripathi","x":-146.1612478127,"y":183.6699256342,"side":"Deuce","serveInPlacement":"Wide","serveOutcome":"Won"},{"pointNumber":18,"serverName":"Aadarsh Tripathi","x":123.4661362642,"y":227.7250656167,"side":"Ad","serveInPlacement":"Wide","serveOutcome":"Lost"},{"pointNumber":20,"serverName":"Aadarsh Tripathi","x":13.2669674103,"y":211.4681703848,"side":"Ad","serveInPlacement":"T","serveOutcome":"Won"},{"pointNumber":29,"serverName":"Aadarsh Tripathi","x":-133.160531496,"y":197.9845199037,"side":"Deuce","serveInPlacement":"Wide","serveOutcome":"Won"},{"pointNumber":30,"serverName":"Aadarsh Tripathi","x":136.1230533683,"y":234.3079669728,"side":"Ad","serveInPlacement":"Wide","serveOutcome":"Lost"},{"pointNumber":39,"serverName":"Aadarsh Tripathi","x":87.914725503,"y":157.0052384076,"side":"Ad","serveInPlacement":"Body","serveOutcome":"Lost"},{"pointNumber":39,"serverName":"Aadarsh Tripathi","x":-31.2784940945,"y":182.8640529308,"side":"Deuce","serveInPlacement":"T","serveOutcome":"Lost"},{"pointNumber":40,"serverName":"Aadarsh Tripathi","x":117.8255249343,"y":183.3427001311,"side":"Ad","serveInPlacement":"Wide","serveOutcome":"Lost"},{"pointNumber":42,"serverName":"Aadarsh Tripathi","x":8.7211012686,"y":225.0767552492,"side":"Ad","serveInPlacement":"T","serveOutcome":"Lost"},{"pointNumber":42,"serverName":"Aadarsh Tripathi","x":128.3555719597,"y":199.0458880139,"side":"Ad","serveInPlacement":"Wide","serveOutcome":"Lost"},{"pointNumber":49,"serverName":"Aadarsh Tripathi","x":-122.4779527558,"y":196.5132108485,"side":"Deuce","serveInPlacement":"Wide","serveOutcome":"Lost"},{"pointNumber":50,"serverName":"Aadarsh Tripathi","x":0.9335247157,"y":90.3257600612,"side":"Ad","serveInPlacement":"T","serveOutcome":"Ace"},{"pointNumber":51,"serverName":"Aadarsh Tripathi","x":-35.7141622922,"y":211.8873742344,"side":"Deuce","serveInPlacement":"T","serveOutcome":"Won"},{"pointNumber":53,"serverName":"Aadarsh Tripathi","x":-3.7584809711,"y":166.2139435695,"side":"Deuce","serveInPlacement":"T","serveOutcome":"Won"},{"pointNumber":54,"serverName":"Aadarsh Tripathi","x":116.6548392388,"y":199.4102416884,"side":"Ad","serveInPlacement":"Wide","serveOutcome":"Won"},{"pointNumber":59,"serverName":"Aadarsh Tripathi","x":-53.8152941819,"y":237.8983759841,"side":"Deuce","serveInPlacement":"Body","serveOutcome":"Won"},{"pointNumber":60,"serverName":"Aadarsh Tripathi","x":30.2043416448,"y":189.853794838,"side":"Ad","serveInPlacement":"T","serveOutcome":"Lost"},{"pointNumber":61,"serverName":"Aadarsh Tripathi","x":-142.1644575677,"y":220.9277395012,"side":"Deuce","serveInPlacement":"Wide","serveOutcome":"Lost"},{"pointNumber":62,"serverName":"Aadarsh Tripathi","x":125.5337543744,"y":224.3544017934,"side":"Ad","serveInPlacement":"Wide","serveOutcome":"Won"},{"pointNumber":63,"serverName":"Aadarsh Tripathi","x":-89.429937664,"y":207.2483814522,"side":"Deuce","serveInPlacement":"Body","serveOutcome":"Won"},{"pointNumber":64,"serverName":"Aadarsh Tripathi","x":19.0141404199,"y":180.0312882764,"side":"Ad","serveInPlacement":"T","serveOutcome":"Lost"},{"pointNumber":65,"serverName":"Aadarsh Tripathi","x":151.7510662729,"y":237.5727198162,"side":"Ad","serveInPlacement":"Wide","serveOutcome":"Won"},{"pointNumber":72,"serverName":"Aadarsh Tripathi","x":-87.4030839895,"y":206.0642989938,"side":"Deuce","serveInPlacement":"Body","serveOutcome":"Won"},{"pointNumber":74,"serverName":"Aadarsh Tripathi","x":-4.2754046369,"y":175.532081146,"side":"Deuce","serveInPlacement":"T","serveOutcome":"Lost"},{"pointNumber":75,"serverName":"Aadarsh Tripathi","x":0.5460903325,"y":180.0940234032,"side":"Ad","serveInPlacement":"T","serveOutcome":"Won"},{"pointNumber":85,"serverName":"Aadarsh Tripathi","x":-52.8511100175,"y":170.3319553805,"side":"Deuce","serveInPlacement":"Body","serveOutcome":"Lost"},{"pointNumber":86,"serverName":"Aadarsh Tripathi","x":0.532234252,"y":222.9130632107,"side":"Ad","serveInPlacement":"T","serveOutcome":"Ace"},{"pointNumber":87,"serverName":"Aadarsh Tripathi","x":-94.1080107174,"y":194.0424267278,"side":"Deuce","serveInPlacement":"Body","serveOutcome":"Won"},{"pointNumber":88,"serverName":"Aadarsh Tripathi","x":127.8649059492,"y":223.3959973752,"side":"Ad","serveInPlacement":"Wide","serveOutcome":"Won"},{"pointNumber":97,"serverName":"Aadarsh Tripathi","x":-123.6811351705,"y":242.2870024058,"side":"Deuce","serveInPlacement":"Wide","serveOutcome":"Won"},{"pointNumber":99,"serverName":"Aadarsh Tripathi","x":-137.474097769,"y":104.136521216,"side":"Deuce","serveInPlacement":"Wide","serveOutcome":"Won"},{"pointNumber":107,"serverName":"Aadarsh Tripathi","x":13.5158027122,"y":182.0530129045,"side":"Ad","serveInPlacement":"T","serveOutcome":"Lost"},{"pointNumber":109,"serverName":"Aadarsh Tripathi","x":5.8549212598,"y":241.8993766403,"side":"Ad","serveInPlacement":"T","serveOutcome":"Lost"},{"pointNumber":110,"serverName":"Aadarsh Tripathi","x":-31.3298228346,"y":234.5344870952,"side":"Deuce","serveInPlacement":"T","serveOutcome":"Won"},{"pointNumber":117,"serverName":"Aadarsh Tripathi","x":-67.3474792213,"y":244.5798392387,"side":"Deuce","serveInPlacement":"Body","serveOutcome":"Won"},{"pointNumber":118,"serverName":"Aadarsh Tripathi","x":56.6382217847,"y":242.8149879701,"side":"Ad","serveInPlacement":"Body","serveOutcome":"Won"},{"pointNumber":120,"serverName":"Aadarsh Tripathi","x":21.095805993,"y":184.2703685476,"side":"Ad","serveInPlacement":"T","serveOutcome":"Won"},{"pointNumber":127,"serverName":"Aadarsh Tripathi","x":-120.1990102799,"y":216.3062007873,"side":"Deuce","serveInPlacement":"Wide","serveOutcome":"Lost"},{"pointNumber":128,"serverName":"Aadarsh Tripathi","x":122.0051235782,"y":219.6947397199,"side":"Ad","serveInPlacement":"Wide","serveOutcome":"Lost"},{"pointNumber":137,"serverName":"Aadarsh Tripathi","x":-116.7100721784,"y":241.4745844268,"side":"Deuce","serveInPlacement":"Wide","serveOutcome":"Lost"},{"pointNumber":140,"serverName":"Aadarsh Tripathi","x":157.1196084864,"y":136.7512849956,"side":"Ad","serveInPlacement":"Wide","serveOutcome":"Lost"},{"pointNumber":5,"serverName":"Aadarsh Tripathi","x":-24.9597769029,"y":192.792853237,"side":"Deuce","serveInPlacement":"T","serveOutcome":"Won"},{"pointNumber":8,"serverName":"Aadarsh Tripathi","x":137.0757928696,"y":185.479368985,"side":"Ad","serveInPlacement":"Wide","serveOutcome":"Ace"},{"pointNumber":9,"serverName":"Aadarsh Tripathi","x":-43.8459973753,"y":222.0149825021,"side":"Deuce","serveInPlacement":"T","serveOutcome":"Won"},{"pointNumber":10,"serverName":"Aadarsh Tripathi","x":22.5584262905,"y":187.3269356954,"side":"Ad","serveInPlacement":"T","serveOutcome":"Won"},{"pointNumber":16,"serverName":"Aadarsh Tripathi","x":-82.9202209098,"y":199.8405839894,"side":"Deuce","serveInPlacement":"Body","serveOutcome":"Lost"},{"pointNumber":17,"serverName":"Aadarsh Tripathi","x":98.7696631671,"y":215.2924103236,"side":"Ad","serveInPlacement":"Body","serveOutcome":"Lost"},{"pointNumber":22,"serverName":"Aadarsh Tripathi","x":147.3777121609,"y":214.4134295712,"side":"Ad","serveInPlacement":"Wide","serveOutcome":"Lost"},{"pointNumber":28,"serverName":"Aadarsh Tripathi","x":-25.2310804899,"y":162.8060750218,"side":"Deuce","serveInPlacement":"T","serveOutcome":"Lost"},{"pointNumber":30,"serverName":"Aadarsh Tripathi","x":-137.485695538,"y":236.0136811022,"side":"Deuce","serveInPlacement":"Wide","serveOutcome":"Lost"},{"pointNumber":33,"serverName":"Aadarsh Tripathi","x":148.097041776,"y":234.5744477252,"side":"Ad","serveInPlacement":"Wide","serveOutcome":"Lost"},{"pointNumber":41,"serverName":"Aadarsh Tripathi","x":-57.4639599737,"y":221.6701115484,"side":"Deuce","serveInPlacement":"Body","serveOutcome":"Won"},{"pointNumber":42,"serverName":"Aadarsh Tripathi","x":140.2737532808,"y":184.4162784339,"side":"Ad","serveInPlacement":"Wide","serveOutcome":"Lost"},{"pointNumber":43,"serverName":"Aadarsh Tripathi","x":-130.0276027996,"y":219.2587707785,"side":"Deuce","serveInPlacement":"Wide","serveOutcome":"Won"},{"pointNumber":44,"serverName":"Aadarsh Tripathi","x":20.7327537183,"y":207.0127132545,"side":"Ad","serveInPlacement":"T","serveOutcome":"Won"},{"pointNumber":50,"serverName":"Aadarsh Tripathi","x":-25.6235673666,"y":121.5392607173,"side":"Deuce","serveInPlacement":"T","serveOutcome":"Lost"},{"pointNumber":51,"serverName":"Aadarsh Tripathi","x":148.705101706,"y":196.1874398512,"side":"Ad","serveInPlacement":"Wide","serveOutcome":"Ace"},{"pointNumber":52,"serverName":"Aadarsh Tripathi","x":-157.2923501749,"y":179.6519685038,"side":"Deuce","serveInPlacement":"Wide","serveOutcome":"Won"},{"pointNumber":53,"serverName":"Aadarsh Tripathi","x":26.7500054681,"y":170.8570319334,"side":"Ad","serveInPlacement":"T","serveOutcome":"Won"},{"pointNumber":54,"serverName":"Aadarsh Tripathi","x":-138.9915682414,"y":175.3948982939,"side":"Deuce","serveInPlacement":"Wide","serveOutcome":"Won"},{"pointNumber":61,"serverName":"Aadarsh Tripathi","x":-148.4944663166,"y":190.3809000436,"side":"Deuce","serveInPlacement":"Wide","serveOutcome":"Won"},{"pointNumber":62,"serverName":"Aadarsh Tripathi","x":25.82960958,"y":238.2498304898,"side":"Ad","serveInPlacement":"T","serveOutcome":"Won"},{"pointNumber":66,"serverName":"Aadarsh Tripathi","x":29.3350448381,"y":217.5481955379,"side":"Ad","serveInPlacement":"T","serveOutcome":"Won"},{"pointNumber":76,"serverName":"Aadarsh Tripathi","x":-12.5688046807,"y":99.1116251093,"side":"Deuce","serveInPlacement":"T","serveOutcome":"Ace"},{"pointNumber":78,"serverName":"Aadarsh Tripathi","x":0.0075021872,"y":242.5358759841,"side":"Ad","serveInPlacement":"T","serveOutcome":"Lost"},{"pointNumber":79,"serverName":"Aadarsh Tripathi","x":127.6131233595,"y":231.5840988625,"side":"Ad","serveInPlacement":"Wide","serveOutcome":"Won"},{"pointNumber":86,"serverName":"Aadarsh Tripathi","x":-136.9512795275,"y":171.7060039369,"side":"Deuce","serveInPlacement":"Wide","serveOutcome":"Won"},{"pointNumber":87,"serverName":"Aadarsh Tripathi","x":24.6268482065,"y":215.8042432195,"side":"Ad","serveInPlacement":"T","serveOutcome":"Won"},{"pointNumber":97,"serverName":"Aadarsh Tripathi","x":-117.6842465004,"y":177.0671587926,"side":"Deuce","serveInPlacement":"Wide","serveOutcome":"Won"},{"pointNumber":108,"serverName":"Aadarsh Tripathi","x":-28.8404363517,"y":215.8260990813,"side":"Deuce","serveInPlacement":"T","serveOutcome":"Lost"},{"pointNumber":110,"serverName":"Aadarsh Tripathi","x":-135.1797681539,"y":166.0536800087,"side":"Deuce","serveInPlacement":"Wide","serveOutcome":"Won"},{"pointNumber":112,"serverName":"Aadarsh Tripathi","x":-147.2325295275,"y":166.0930282151,"side":"Deuce","serveInPlacement":"Wide","serveOutcome":"Won"},{"pointNumber":113,"serverName":"Aadarsh Tripathi","x":28.9690069991,"y":200.3717847768,"side":"Ad","serveInPlacement":"T","serveOutcome":"Ace"},{"pointNumber":9,"serverName":"aadarsh tripathi","x":-85.6400699912,"y":197.2288276464,"side":"Deuce","serveInPlacement":"Body","serveOutcome":"Won"},{"pointNumber":17,"serverName":"aadarsh tripathi","x":-119.1708278652,"y":202.2617235345,"side":"Deuce","serveInPlacement":"Wide","serveOutcome":"Won"},{"pointNumber":19,"serverName":"aadarsh tripathi","x":-89.7911909448,"y":190.8016732282,"side":"Deuce","serveInPlacement":"Body","serveOutcome":"Lost"},{"pointNumber":20,"serverName":"aadarsh tripathi","x":45.771877734,"y":222.037259405,"side":"Ad","serveInPlacement":"T","serveOutcome":"Won"},{"pointNumber":21,"serverName":"aadarsh tripathi","x":-17.9451935695,"y":236.9059820646,"side":"Deuce","serveInPlacement":"T","serveOutcome":"Won"},{"pointNumber":31,"serverName":"aadarsh tripathi","x":-135.9342355642,"y":178.1176946631,"side":"Deuce","serveInPlacement":"Wide","serveOutcome":"Won"},{"pointNumber":32,"serverName":"aadarsh tripathi","x":18.9296642607,"y":239.1058836394,"side":"Ad","serveInPlacement":"T","serveOutcome":"Lost"},{"pointNumber":39,"serverName":"aadarsh tripathi","x":11.169493657,"y":244.7146872265,"side":"Ad","serveInPlacement":"T","serveOutcome":"Lost"},{"pointNumber":40,"serverName":"aadarsh tripathi","x":-88.6952974628,"y":244.1921751967,"side":"Deuce","serveInPlacement":"Body","serveOutcome":"Lost"},{"pointNumber":41,"serverName":"aadarsh tripathi","x":125.1624726596,"y":229.5431211722,"side":"Ad","serveInPlacement":"Wide","serveOutcome":"Won"},{"pointNumber":42,"serverName":"aadarsh tripathi","x":-139.275503062,"y":192.1114938757,"side":"Deuce","serveInPlacement":"Wide","serveOutcome":"Won"},{"pointNumber":43,"serverName":"aadarsh tripathi","x":85.3992344706,"y":243.6349464128,"side":"Ad","serveInPlacement":"Body","serveOutcome":"Won"},{"pointNumber":61,"serverName":"aadarsh tripathi","x":-34.0573272091,"y":244.2681157042,"side":"Deuce","serveInPlacement":"T","serveOutcome":"Lost"},{"pointNumber":62,"serverName":"aadarsh tripathi","x":87.3765583989,"y":224.8730479001,"side":"Ad","serveInPlacement":"Body","serveOutcome":"Lost"},{"pointNumber":63,"serverName":"aadarsh tripathi","x":-31.7333333333,"y":220.0154965003,"side":"Deuce","serveInPlacement":"T","serveOutcome":"Won"},{"pointNumber":65,"serverName":"aadarsh tripathi","x":-144.2600940507,"y":210.5544728783,"side":"Deuce","serveInPlacement":"Wide","serveOutcome":"Won"},{"pointNumber":66,"serverName":"aadarsh tripathi","x":0.0075021872,"y":243.5970909885,"side":"Ad","serveInPlacement":"T","serveOutcome":"Ace"},{"pointNumber":74,"serverName":"aadarsh tripathi","x":5.8681649169,"y":200.9657206911,"side":"Ad","serveInPlacement":"T","serveOutcome":"Won"},{"pointNumber":75,"serverName":"aadarsh tripathi","x":-139.7812882764,"y":244.02796916,"side":"Deuce","serveInPlacement":"Wide","serveOutcome":"Won"},{"pointNumber":97,"serverName":"aadarsh tripathi","x":-78.9837543744,"y":186.2307742781,"side":"Deuce","serveInPlacement":"Body","serveOutcome":"Won"},{"pointNumber":99,"serverName":"aadarsh tripathi","x":-146.12878937,"y":211.3227580926,"side":"Deuce","serveInPlacement":"Wide","serveOutcome":"Won"},{"pointNumber":100,"serverName":"aadarsh tripathi","x":81.6079888451,"y":174.9087106298,"side":"Ad","serveInPlacement":"Body","serveOutcome":"Won"},{"pointNumber":7,"serverName":"Aadarsh Tripathi","x":-139.5716480752,"y":149.7454177602,"side":"Deuce","serveInPlacement":"Wide","serveOutcome":"Won"},{"pointNumber":16,"serverName":"Aadarsh Tripathi","x":-69.4947889326,"y":243.1047408135,"side":"Deuce","serveInPlacement":"Body","serveOutcome":"Won"},{"pointNumber":27,"serverName":"Aadarsh Tripathi","x":31.052548119,"y":193.614151356,"side":"Ad","serveInPlacement":"T","serveOutcome":"Lost"},{"pointNumber":28,"serverName":"Aadarsh Tripathi","x":-154.6218394575,"y":183.3036581364,"side":"Deuce","serveInPlacement":"Wide","serveOutcome":"Lost"},{"pointNumber":29,"serverName":"Aadarsh Tripathi","x":10.5128991688,"y":183.7284120734,"side":"Ad","serveInPlacement":"T","serveOutcome":"Won"},{"pointNumber":40,"serverName":"Aadarsh Tripathi","x":18.8771872266,"y":243.5583552055,"side":"Ad","serveInPlacement":"T","serveOutcome":"Lost"},{"pointNumber":41,"serverName":"Aadarsh Tripathi","x":-56.4268591426,"y":244.2432360016,"side":"Deuce","serveInPlacement":"Body","serveOutcome":"Won"},{"pointNumber":42,"serverName":"Aadarsh Tripathi","x":13.862664042,"y":242.7498797024,"side":"Ad","serveInPlacement":"T","serveOutcome":"Won"},{"pointNumber":43,"serverName":"Aadarsh Tripathi","x":-89.7142935258,"y":197.7718941381,"side":"Deuce","serveInPlacement":"Body","serveOutcome":"Lost"},{"pointNumber":51,"serverName":"Aadarsh Tripathi","x":129.9711450131,"y":211.4346402011,"side":"Ad","serveInPlacement":"Wide","serveOutcome":"Won"},{"pointNumber":52,"serverName":"Aadarsh Tripathi","x":-18.3903871391,"y":151.5759514435,"side":"Deuce","serveInPlacement":"T","serveOutcome":"Won"},{"pointNumber":53,"serverName":"Aadarsh Tripathi","x":141.0601815397,"y":196.7429079177,"side":"Ad","serveInPlacement":"Wide","serveOutcome":"Lost"},{"pointNumber":54,"serverName":"Aadarsh Tripathi","x":-128.4671861329,"y":160.2053040244,"side":"Deuce","serveInPlacement":"Wide","serveOutcome":"Lost"},{"pointNumber":63,"serverName":"Aadarsh Tripathi","x":-130.7082731845,"y":194.0015474627,"side":"Deuce","serveInPlacement":"Wide","serveOutcome":"Won"},{"pointNumber":76,"serverName":"Aadarsh Tripathi","x":144.2195209973,"y":199.5122484688,"side":"Ad","serveInPlacement":"Wide","serveOutcome":"Lost"},{"pointNumber":78,"serverName":"Aadarsh Tripathi","x":31.1965059055,"y":204.4012631233,"side":"Ad","serveInPlacement":"T","serveOutcome":"Lost"},{"pointNumber":79,"serverName":"Aadarsh Tripathi","x":-130.2826006124,"y":171.2838527996,"side":"Deuce","serveInPlacement":"Wide","serveOutcome":"Won"},{"pointNumber":80,"serverName":"Aadarsh Tripathi","x":150.371391076,"y":190.0032261591,"side":"Ad","serveInPlacement":"Wide","serveOutcome":"Won"},{"pointNumber":89,"serverName":"Aadarsh Tripathi","x":-23.3849682852,"y":228.2905621171,"side":"Deuce","serveInPlacement":"T","serveOutcome":"Won"},{"pointNumber":91,"serverName":"Aadarsh Tripathi","x":-156.5846948818,"y":244.3868110235,"side":"Deuce","serveInPlacement":"Wide","serveOutcome":"Won"},{"pointNumber":101,"serverName":"Aadarsh Tripathi","x":-152.272047244,"y":242.9953083988,"side":"Deuce","serveInPlacement":"Wide","serveOutcome":"Won"},{"pointNumber":103,"serverName":"Matteo Morazzi","x":-47.1933891076,"y":193.62796916,"side":"Deuce","serveInPlacement":"T","serveOutcome":"Lost"},{"pointNumber":104,"serverName":"Matteo Morazzi","x":147.1305993,"y":198.0544892825,"side":"Ad","serveInPlacement":"Wide","serveOutcome":"Won"},{"pointNumber":110,"serverName":"Aadarsh Tripathi","x":10.6984634733,"y":233.8854713472,"side":"Ad","serveInPlacement":"T","serveOutcome":"Won"},{"pointNumber":111,"serverName":"Aadarsh Tripathi","x":-123.0999835957,"y":163.2153652668,"side":"Deuce","serveInPlacement":"Wide","serveOutcome":"Lost"},{"pointNumber":112,"serverName":"Aadarsh Tripathi","x":20.4613735783,"y":173.3005632108,"side":"Ad","serveInPlacement":"T","serveOutcome":"Won"},{"pointNumber":123,"serverName":"Aadarsh Tripathi","x":-47.649759405,"y":226.9898512685,"side":"Deuce","serveInPlacement":"T","serveOutcome":"Lost"},{"pointNumber":125,"serverName":"Aadarsh Tripathi","x":-119.4482556867,"y":148.9674103236,"side":"Deuce","serveInPlacement":"Wide","serveOutcome":"Lost"},{"pointNumber":131,"serverName":"Aadarsh Tripathi","x":106.7519138232,"y":159.7644739719,"side":"Ad","serveInPlacement":"Wide","serveOutcome":"Lost"},{"pointNumber":132,"serverName":"Aadarsh Tripathi","x":-113.1049267279,"y":155.7531386701,"side":"Deuce","serveInPlacement":"Wide","serveOutcome":"Lost"},{"pointNumber":143,"serverName":"Aadarsh Tripathi","x":-37.4413877953,"y":224.29671916,"side":"Deuce","serveInPlacement":"T","serveOutcome":"Won"},{"pointNumber":144,"serverName":"Aadarsh Tripathi","x":49.9221566054,"y":193.4280129045,"side":"Ad","serveInPlacement":"T","serveOutcome":"Lost"},{"pointNumber":145,"serverName":"Aadarsh Tripathi","x":-48.0255960192,"y":218.4729166666,"side":"Deuce","serveInPlacement":"T","serveOutcome":"Lost"},{"pointNumber":9,"serverName":"aadarsh tripathi","x":-31.54819007,"y":215.4362150043,"side":"Deuce","serveInPlacement":"T","serveOutcome":"Won"},{"pointNumber":11,"serverName":"aadarsh tripathi","x":-136.3813812335,"y":185.4324803149,"side":"Deuce","serveInPlacement":"Wide","serveOutcome":"Lost"},{"pointNumber":12,"serverName":"aadarsh tripathi","x":17.8590332458,"y":240.4641240156,"side":"Ad","serveInPlacement":"T","serveOutcome":"Ace"},{"pointNumber":14,"serverName":"aadarsh tripathi","x":134.9238134295,"y":229.1510936132,"side":"Ad","serveInPlacement":"Wide","serveOutcome":"Won"},{"pointNumber":26,"serverName":"aadarsh tripathi","x":18.2496445757,"y":220.4590059054,"side":"Ad","serveInPlacement":"T","serveOutcome":"Won"},{"pointNumber":33,"serverName":"aadarsh tripathi","x":-145.2851377952,"y":177.4037237532,"side":"Deuce","serveInPlacement":"Wide","serveOutcome":"Won"},{"pointNumber":34,"serverName":"aadarsh tripathi","x":137.0440234033,"y":214.7688648293,"side":"Ad","serveInPlacement":"Wide","serveOutcome":"Won"},{"pointNumber":35,"serverName":"aadarsh tripathi","x":-30.3522801837,"y":188.2285761154,"side":"Deuce","serveInPlacement":"T","serveOutcome":"Lost"},{"pointNumber":36,"serverName":"aadarsh tripathi","x":12.9701334208,"y":176.1637959317,"side":"Ad","serveInPlacement":"T","serveOutcome":"Won"},{"pointNumber":44,"serverName":"aadarsh tripathi","x":155.248118985,"y":210.5222058179,"side":"Ad","serveInPlacement":"Wide","serveOutcome":"Won"},{"pointNumber":46,"serverName":"aadarsh tripathi","x":27.514884077,"y":189.7850120296,"side":"Ad","serveInPlacement":"T","serveOutcome":"Won"},{"pointNumber":52,"serverName":"aadarsh tripathi","x":-0.6953685477,"y":195.0958716097,"side":"Deuce","serveInPlacement":"T","serveOutcome":"Lost"},{"pointNumber":53,"serverName":"aadarsh tripathi","x":118.6610618985,"y":233.0857611547,"side":"Ad","serveInPlacement":"Wide","serveOutcome":"Lost"},{"pointNumber":54,"serverName":"aadarsh tripathi","x":-140.2631889763,"y":197.2027613735,"side":"Deuce","serveInPlacement":"Wide","serveOutcome":"Lost"},{"pointNumber":60,"serverName":"aadarsh tripathi","x":-140.2583278652,"y":172.5719324146,"side":"Deuce","serveInPlacement":"Wide","serveOutcome":"Lost"},{"pointNumber":65,"serverName":"aadarsh tripathi","x":74.3320155293,"y":154.0413003061,"side":"Ad","serveInPlacement":"Body","serveOutcome":"Won"},{"pointNumber":67,"serverName":"aadarsh tripathi","x":21.1114993438,"y":178.2228018372,"side":"Ad","serveInPlacement":"T","serveOutcome":"Won"},{"pointNumber":68,"serverName":"aadarsh tripathi","x":-60.6143044619,"y":189.7267169728,"side":"Deuce","serveInPlacement":"Body","serveOutcome":"Lost"},{"pointNumber":77,"serverName":"aadarsh tripathi","x":15.0989555993,"y":158.0372867453,"side":"Ad","serveInPlacement":"T","serveOutcome":"Won"},{"pointNumber":78,"serverName":"aadarsh tripathi","x":-60.4438210848,"y":194.4093066491,"side":"Deuce","serveInPlacement":"Body","serveOutcome":"Lost"},{"pointNumber":88,"serverName":"aadarsh tripathi","x":-128.3392661854,"y":204.3425853017,"side":"Deuce","serveInPlacement":"Wide","serveOutcome":"Won"},{"pointNumber":89,"serverName":"aadarsh tripathi","x":144.8613407698,"y":220.7111712597,"side":"Ad","serveInPlacement":"Wide","serveOutcome":"Won"},{"pointNumber":97,"serverName":"aadarsh tripathi","x":-13.9716754156,"y":180.4737642169,"side":"Deuce","serveInPlacement":"T","serveOutcome":"Lost"},{"pointNumber":98,"serverName":"aadarsh tripathi","x":0.4556430446,"y":192.0971402011,"side":"Ad","serveInPlacement":"T","serveOutcome":"Ace"},{"pointNumber":107,"serverName":"aadarsh tripathi","x":20.1457841207,"y":244.7512029745,"side":"Ad","serveInPlacement":"T","serveOutcome":"Won"},{"pointNumber":110,"serverName":"aadarsh tripathi","x":-79.8584864392,"y":220.1947834645,"side":"Deuce","serveInPlacement":"Body","serveOutcome":"Won"},{"pointNumber":111,"serverName":"aadarsh tripathi","x":122.5909448818,"y":213.5979877514,"side":"Ad","serveInPlacement":"Wide","serveOutcome":"Won"},{"pointNumber":119,"serverName":"aadarsh tripathi","x":-12.8560695538,"y":218.5697561241,"side":"Deuce","serveInPlacement":"T","serveOutcome":"Ace"},{"pointNumber":121,"serverName":"aadarsh tripathi","x":-83.7618055555,"y":239.8585903323,"side":"Deuce","serveInPlacement":"Body","serveOutcome":"Won"},{"pointNumber":122,"serverName":"aadarsh tripathi","x":11.9929735346,"y":221.7812664041,"side":"Ad","serveInPlacement":"T","serveOutcome":"Lost"},{"pointNumber":128,"serverName":"aadarsh tripathi","x":-111.9885553368,"y":195.6999125108,"side":"Deuce","serveInPlacement":"Wide","serveOutcome":"Lost"},{"pointNumber":129,"serverName":"aadarsh tripathi","x":19.0596511373,"y":209.9798665791,"side":"Ad","serveInPlacement":"T","serveOutcome":"Won"},{"pointNumber":130,"serverName":"aadarsh tripathi","x":-156.376241251,"y":243.2068241469,"side":"Deuce","serveInPlacement":"Wide","serveOutcome":"Won"},{"pointNumber":131,"serverName":"aadarsh tripathi","x":45.9650207786,"y":186.5788987313,"side":"Ad","serveInPlacement":"T","serveOutcome":"Won"},{"pointNumber":139,"serverName":"aadarsh tripathi","x":-143.7705763341,"y":175.4517005686,"side":"Deuce","serveInPlacement":"Wide","serveOutcome":"Won"},{"pointNumber":142,"serverName":"aadarsh tripathi","x":12.1961832896,"y":179.2675579614,"side":"Ad","serveInPlacement":"T","serveOutcome":"Lost"},{"pointNumber":10,"serverName":"Aadarsh Tripathi","x":37.977717629,"y":181.6693678914,"side":"Ad","serveInPlacement":"T","serveOutcome":"Lost"},{"pointNumber":16,"serverName":"Aadarsh Tripathi","x":-101.8425360892,"y":207.4825951442,"side":"Deuce","serveInPlacement":"Body","serveOutcome":"Lost"},{"pointNumber":17,"serverName":"Aadarsh Tripathi","x":3.6647801837,"y":242.8774934382,"side":"Ad","serveInPlacement":"T","serveOutcome":"Lost"},{"pointNumber":18,"serverName":"Aadarsh Tripathi","x":-10.2729057305,"y":244.3638068678,"side":"Deuce","serveInPlacement":"T","serveOutcome":"Won"},{"pointNumber":21,"serverName":"Aadarsh Tripathi","x":125.942355643,"y":218.1199311022,"side":"Ad","serveInPlacement":"Wide","serveOutcome":"Won"},{"pointNumber":29,"serverName":"Aadarsh Tripathi","x":24.1516076115,"y":210.267935258,"side":"Ad","serveInPlacement":"T","serveOutcome":"Won"},{"pointNumber":30,"serverName":"Aadarsh Tripathi","x":-63.1268864829,"y":192.9528488625,"side":"Deuce","serveInPlacement":"Body","serveOutcome":"Lost"},{"pointNumber":32,"serverName":"Aadarsh Tripathi","x":-121.2223315835,"y":208.9390529308,"side":"Deuce","serveInPlacement":"Wide","serveOutcome":"Won"},{"pointNumber":33,"serverName":"Aadarsh Tripathi","x":33.4628937008,"y":188.0776137357,"side":"Ad","serveInPlacement":"T","serveOutcome":"Won"},{"pointNumber":40,"serverName":"Aadarsh Tripathi","x":0.4464566929,"y":188.0970964566,"side":"Ad","serveInPlacement":"T","serveOutcome":"Won"},{"pointNumber":41,"serverName":"Aadarsh Tripathi","x":-121.5688484251,"y":244.9214566928,"side":"Deuce","serveInPlacement":"Wide","serveOutcome":"Lost"},{"pointNumber":42,"serverName":"Aadarsh Tripathi","x":10.7803368329,"y":242.8149879701,"side":"Ad","serveInPlacement":"T","serveOutcome":"Won"},{"pointNumber":43,"serverName":"Aadarsh Tripathi","x":-128.6702427821,"y":243.3025918634,"side":"Deuce","serveInPlacement":"Wide","serveOutcome":"Won"},{"pointNumber":44,"serverName":"Aadarsh Tripathi","x":17.3027230971,"y":244.6774059491,"side":"Ad","serveInPlacement":"T","serveOutcome":"Lost"},{"pointNumber":45,"serverName":"Aadarsh Tripathi","x":41.8414588801,"y":217.353215223,"side":"Ad","serveInPlacement":"T","serveOutcome":"Won"},{"pointNumber":52,"serverName":"Aadarsh Tripathi","x":39.3768755468,"y":243.3727143481,"side":"Ad","serveInPlacement":"T","serveOutcome":"Lost"},{"pointNumber":56,"serverName":"Aadarsh Tripathi","x":6.4596128609,"y":214.8701443568,"side":"Ad","serveInPlacement":"T","serveOutcome":"Ace"},{"pointNumber":57,"serverName":"Aadarsh Tripathi","x":-12.3559875328,"y":183.3959426946,"side":"Deuce","serveInPlacement":"T","serveOutcome":"Won"},{"pointNumber":65,"serverName":"Aadarsh Tripathi","x":-133.9814468503,"y":222.0376038931,"side":"Deuce","serveInPlacement":"Wide","serveOutcome":"Won"},{"pointNumber":66,"serverName":"Aadarsh Tripathi","x":10.7386920385,"y":244.4539096674,"side":"Ad","serveInPlacement":"T","serveOutcome":"Won"},{"pointNumber":67,"serverName":"Aadarsh Tripathi","x":-22.8748578303,"y":243.4777449693,"side":"Deuce","serveInPlacement":"T","serveOutcome":"Lost"},{"pointNumber":68,"serverName":"Aadarsh Tripathi","x":1.6517060367,"y":243.392694663,"side":"Ad","serveInPlacement":"T","serveOutcome":"Lost"},{"pointNumber":69,"serverName":"Aadarsh Tripathi","x":-156.1718066491,"y":243.8110947068,"side":"Deuce","serveInPlacement":"Wide","serveOutcome":"Lost"},{"pointNumber":70,"serverName":"Aadarsh Tripathi","x":134.8172134732,"y":185.666540901,"side":"Ad","serveInPlacement":"Wide","serveOutcome":"Won"},{"pointNumber":71,"serverName":"Aadarsh Tripathi","x":8.719493657,"y":206.467197069,"side":"Ad","serveInPlacement":"T","serveOutcome":"Won"},{"pointNumber":78,"serverName":"Aadarsh Tripathi","x":-21.1427329396,"y":183.7534448818,"side":"Deuce","serveInPlacement":"T","serveOutcome":"Won"},{"pointNumber":79,"serverName":"Aadarsh Tripathi","x":137.0965769903,"y":32.4981736658,"side":"Ad","serveInPlacement":"Wide","serveOutcome":"Ace"},{"pointNumber":81,"serverName":"Aadarsh Tripathi","x":130.5796642606,"y":221.6223042431,"side":"Ad","serveInPlacement":"Wide","serveOutcome":"Won"},{"pointNumber":89,"serverName":"Preston Stearns","x":141.1852690288,"y":204.2276027995,"side":"Ad","serveInPlacement":"Wide","serveOutcome":"Won"},{"pointNumber":89,"serverName":"Aadarsh Tripathi","x":-136.6177001312,"y":215.0933727033,"side":"Deuce","serveInPlacement":"Wide","serveOutcome":"Won"},{"pointNumber":91,"serverName":"Aadarsh Tripathi","x":-135.5593941382,"y":242.0953521434,"side":"Deuce","serveInPlacement":"Wide","serveOutcome":"Won"},{"pointNumber":92,"serverName":"Aadarsh Tripathi","x":20.6728127734,"y":230.3156167978,"side":"Ad","serveInPlacement":"T","serveOutcome":"Lost"},{"pointNumber":93,"serverName":"Aadarsh Tripathi","x":-35.0846292651,"y":231.8219488188,"side":"Deuce","serveInPlacement":"T","serveOutcome":"Won"},{"pointNumber":101,"serverName":"Aadarsh Tripathi","x":30.8047080052,"y":215.731671041,"side":"Ad","serveInPlacement":"T","serveOutcome":"Lost"},{"pointNumber":102,"serverName":"Aadarsh Tripathi","x":-10.2212707786,"y":197.6103291775,"side":"Deuce","serveInPlacement":"T","serveOutcome":"Lost"},{"pointNumber":103,"serverName":"Aadarsh Tripathi","x":36.4596347331,"y":177.2727799649,"side":"Ad","serveInPlacement":"T","serveOutcome":"Lost"},{"pointNumber":109,"serverName":"Aadarsh Tripathi","x":-114.8960356517,"y":243.4777449693,"side":"Deuce","serveInPlacement":"Wide","serveOutcome":"Won"},{"pointNumber":110,"serverName":"Aadarsh Tripathi","x":32.0088090551,"y":223.6650809273,"side":"Ad","serveInPlacement":"T","serveOutcome":"Won"},{"pointNumber":111,"serverName":"Preston Stearns","x":-39.2485728346,"y":208.0399387575,"side":"Deuce","serveInPlacement":"T","serveOutcome":"Won"},{"pointNumber":119,"serverName":"Aadarsh Tripathi","x":-6.6124890639,"y":219.1783902011,"side":"Deuce","serveInPlacement":"T","serveOutcome":"Ace"},{"pointNumber":120,"serverName":"Preston Stearns","x":-136.4553696412,"y":157.3417268153,"side":"Deuce","serveInPlacement":"Wide","serveOutcome":"Lost"},{"pointNumber":121,"serverName":"Preston Stearns","x":70.6433125546,"y":241.5405730532,"side":"Ad","serveInPlacement":"Body","serveOutcome":"Lost"},{"pointNumber":129,"serverName":"Aadarsh Tripathi","x":21.8337379702,"y":189.3133694225,"side":"Ad","serveInPlacement":"T","serveOutcome":"Lost"},{"pointNumber":130,"serverName":"Aadarsh Tripathi","x":-19.6440179352,"y":243.9387849955,"side":"Deuce","serveInPlacement":"T","serveOutcome":"Lost"},{"pointNumber":7,"serverName":"Aadarsh Tripathi","x":38.6165135608,"y":181.9776848206,"side":"Ad","serveInPlacement":"T","serveOutcome":"Lost"},{"pointNumber":9,"serverName":"Aadarsh Tripathi","x":125.6953958879,"y":213.7064632545,"side":"Ad","serveInPlacement":"Wide","serveOutcome":"Lost"},{"pointNumber":10,"serverName":"Aadarsh Tripathi","x":-133.4879866578,"y":188.1161198599,"side":"Deuce","serveInPlacement":"Wide","serveOutcome":"Lost"},{"pointNumber":11,"serverName":"Aadarsh Tripathi","x":125.0800634295,"y":206.8486603236,"side":"Ad","serveInPlacement":"Wide","serveOutcome":"Won"},{"pointNumber":19,"serverName":"Aadarsh Tripathi","x":-59.3361001749,"y":82.5949475065,"side":"Deuce","serveInPlacement":"Body","serveOutcome":"Ace"},{"pointNumber":20,"serverName":"Aadarsh Tripathi","x":146.6692147856,"y":182.0610509623,"side":"Ad","serveInPlacement":"Wide","serveOutcome":"Lost"},{"pointNumber":21,"serverName":"Aadarsh Tripathi","x":-131.9550524934,"y":196.4262467191,"side":"Deuce","serveInPlacement":"Wide","serveOutcome":"Lost"},{"pointNumber":23,"serverName":"Aadarsh Tripathi","x":-16.5765802712,"y":184.1291666666,"side":"Deuce","serveInPlacement":"T","serveOutcome":"Won"},{"pointNumber":24,"serverName":"Aadarsh Tripathi","x":24.8246992563,"y":207.0991415135,"side":"Ad","serveInPlacement":"T","serveOutcome":"Won"},{"pointNumber":34,"serverName":"Aadarsh Tripathi","x":110.2055227471,"y":196.9451224846,"side":"Ad","serveInPlacement":"Wide","serveOutcome":"Lost"},{"pointNumber":36,"serverName":"Aadarsh Tripathi","x":144.9312335957,"y":244.1393153979,"side":"Ad","serveInPlacement":"Wide","serveOutcome":"Won"},{"pointNumber":41,"serverName":"Aadarsh Tripathi","x":-149.9159776902,"y":133.9642607173,"side":"Deuce","serveInPlacement":"Wide","serveOutcome":"Won"},{"pointNumber":42,"serverName":"Aadarsh Tripathi","x":1.9267989939,"y":234.6074803148,"side":"Ad","serveInPlacement":"T","serveOutcome":"Won"},{"pointNumber":44,"serverName":"Aadarsh Tripathi","x":25.6609251968,"y":215.6225831145,"side":"Ad","serveInPlacement":"T","serveOutcome":"Lost"},{"pointNumber":45,"serverName":"Aadarsh Tripathi","x":-107.8663331146,"y":226.0053805773,"side":"Deuce","serveInPlacement":"Wide","serveOutcome":"Won"},{"pointNumber":59,"serverName":"Aadarsh Tripathi","x":-138.4488462379,"y":230.5268263341,"side":"Deuce","serveInPlacement":"Wide","serveOutcome":"Won"},{"pointNumber":60,"serverName":"Aadarsh Tripathi","x":0.8097386264,"y":244.7512029745,"side":"Ad","serveInPlacement":"T","serveOutcome":"Lost"},{"pointNumber":66,"serverName":"Aadarsh Tripathi","x":-115.5218175852,"y":200.4623086176,"side":"Deuce","serveInPlacement":"Wide","serveOutcome":"Won"},{"pointNumber":67,"serverName":"Aadarsh Tripathi","x":133.703215223,"y":233.6108377077,"side":"Ad","serveInPlacement":"Wide","serveOutcome":"Won"},{"pointNumber":77,"serverName":"Aadarsh Tripathi","x":25.7096894138,"y":200.1920002186,"side":"Ad","serveInPlacement":"T","serveOutcome":"Lost"},{"pointNumber":80,"serverName":"Aadarsh Tripathi","x":-135.9945592738,"y":161.6481353892,"side":"Deuce","serveInPlacement":"Wide","serveOutcome":"Lost"},{"pointNumber":81,"serverName":"Aadarsh Tripathi","x":119.9667104111,"y":202.0812882764,"side":"Ad","serveInPlacement":"Wide","serveOutcome":"Lost"},{"pointNumber":89,"serverName":"Aadarsh Tripathi","x":-19.2899223534,"y":190.4573764216,"side":"Deuce","serveInPlacement":"T","serveOutcome":"Lost"},{"pointNumber":93,"serverName":"Aadarsh Tripathi","x":107.0085192475,"y":242.4651027995,"side":"Ad","serveInPlacement":"Wide","serveOutcome":"Won"},{"pointNumber":102,"serverName":"Aadarsh Tripathi","x":21.3702865267,"y":175.5980697724,"side":"Ad","serveInPlacement":"T","serveOutcome":"Lost"},{"pointNumber":104,"serverName":"Aadarsh Tripathi","x":-153.1058617672,"y":185.5022200349,"side":"Deuce","serveInPlacement":"Wide","serveOutcome":"Lost"},{"pointNumber":105,"serverName":"Aadarsh Tripathi","x":-126.4048501749,"y":182.0538932632,"side":"Deuce","serveInPlacement":"Wide","serveOutcome":"Won"},{"pointNumber":106,"serverName":"Aadarsh Tripathi","x":6.68930993,"y":232.1486767278,"side":"Ad","serveInPlacement":"T","serveOutcome":"Won"},{"pointNumber":113,"serverName":"Aadarsh Tripathi","x":-134.69292979,"y":141.5536800087,"side":"Deuce","serveInPlacement":"Wide","serveOutcome":"Lost"},{"pointNumber":115,"serverName":"Aadarsh Tripathi","x":-23.3694663167,"y":224.2835520559,"side":"Deuce","serveInPlacement":"T","serveOutcome":"Won"},{"pointNumber":116,"serverName":"Aadarsh Tripathi","x":125.8294783464,"y":183.2623578302,"side":"Ad","serveInPlacement":"Wide","serveOutcome":"Won"},{"pointNumber":118,"serverName":"Aadarsh Tripathi","x":38.9436242345,"y":190.2944717847,"side":"Ad","serveInPlacement":"T","serveOutcome":"Lost"},{"pointNumber":124,"serverName":"Aadarsh Tripathi","x":2.3894466317,"y":242.7794291337,"side":"Ad","serveInPlacement":"T","serveOutcome":"Won"},{"pointNumber":126,"serverName":"Aadarsh Tripathi","x":41.9177438757,"y":186.8180118109,"side":"Ad","serveInPlacement":"T","serveOutcome":"Lost"},{"pointNumber":134,"serverName":"Aadarsh Tripathi","x":-150.5439413822,"y":220.8859416009,"side":"Deuce","serveInPlacement":"Wide","serveOutcome":"Won"},{"pointNumber":135,"serverName":"Aadarsh Tripathi","x":28.5377843394,"y":195.0043143044,"side":"Ad","serveInPlacement":"T","serveOutcome":"Won"},{"pointNumber":136,"serverName":"Aadarsh Tripathi","x":-125.1959645669,"y":152.6454724409,"side":"Deuce","serveInPlacement":"Wide","serveOutcome":"Won"},{"pointNumber":137,"serverName":"Aadarsh Tripathi","x":11.1924595363,"y":205.296473097,"side":"Ad","serveInPlacement":"T","serveOutcome":"Lost"},{"pointNumber":138,"serverName":"Aadarsh Tripathi","x":-79.7631397637,"y":204.9817257217,"side":"Deuce","serveInPlacement":"Body","serveOutcome":"Ace"},{"pointNumber":147,"serverName":"Aadarsh Tripathi","x":-100.7414370078,"y":151.6807141294,"side":"Deuce","serveInPlacement":"Body","serveOutcome":"Lost"},{"pointNumber":148,"serverName":"Aadarsh Tripathi","x":132.4276902886,"y":239.0992618109,"side":"Ad","serveInPlacement":"Wide","serveOutcome":"Won"},{"pointNumber":149,"serverName":"Aadarsh Tripathi","x":0.5031058618,"y":209.0578630795,"side":"Ad","serveInPlacement":"T","serveOutcome":"Won"}]