[{"side":"Ad","serveInPlacement":"Body","count":8,"serves_won":4,"proportion":0.5,"proportion_label":"50.0%","count_label":8,"x":78.75,"max_min":"min"},{"side":"Ad","serveInPlacement":"T","count":77,"serves_won":44,"proportion":0.5714285714,"proportion_label":"57.1%","count_label":77,"x":26.25,"max_min":"no"},{"side":"Ad","serveInPlacement":"Wide","count":45,"serves_won":28,"proportion":0.6222222222,"proportion_label":"62.2%","count_label":45,"x":131.25,"max_min":"no"},{"side":"Deuce","serveInPlacement":"Body","count":24,"serves_won":14,"proportion":0.5833333333,"proportion_label":"58.3%","count_label":24,"x":-78.75,"max_min":"no"},{"side":"Deuce","serveInPlacement":"T","count":38,"serves_won":22,"proportion":0.5789473684,"proportion_label":"57.9%","count_label":38,"x":-26.25,"max_min":"no"},{"side":"Deuce","serveInPlacement":"Wide","count":63,"serves_won":41,"proportion":0.6507936508,"proportion_label":"65.1%","count_label":63,"x":-131.25,"max_min":"max"}]