[{"side":"Ad","serveInPlacement":"Body","count":44,"serves_won":27,"proportion":0.6136363636,"proportion_label":"61.4%","count_label":44,"x":78.75,"max_min":"no"},{"side":"Ad","serveInPlacement":"T","count":14,"serves_won":4,"proportion":0.2857142857,"proportion_label":"28.6%","count_label":14,"x":26.25,"max_min":"min"},{"side":"Ad","serveInPlacement":"Wide","count":24,"serves_won":11,"proportion":0.4583333333,"proportion_label":"45.8%","count_label":24,"x":131.25,"max_min":"no"},{"side":"Deuce","serveInPlacement":"Body","count":50,"serves_won":25,"proportion":0.5,"proportion_label":"50.0%","count_label":50,"x":-78.75,"max_min":"no"},{"side":"Deuce","serveInPlacement":"T","count":10,"serves_won":7,"proportion":0.7,"proportion_label":"70.0%","count_label":10,"x":-26.25,"max_min":"max"},{"side":"Deuce","serveInPlacement":"Wide","count":31,"serves_won":14,"proportion":0.4516129032,"proportion_label":"45.2%","count_label":31,"x":-131.25,"max_min":"no"}]