[{"pointNumber":8,"serverName":"Aadarsh Tripathi","x":-66.8265748031,"y":202.5652176289,"side":"Deuce","serveInPlacement":"Body","serveOutcome":"Lost"},{"pointNumber":11,"serverName":"Aadarsh Tripathi","x":89.0385608049,"y":149.9581200787,"side":"Ad","serveInPlacement":"Body","serveOutcome":"Lost"},{"pointNumber":21,"serverName":"Aadarsh Tripathi","x":-104.0776902887,"y":204.1806375764,"side":"Deuce","serveInPlacement":"Body","serveOutcome":"Won"},{"pointNumber":27,"serverName":"Aadarsh Tripathi","x":-81.3997648731,"y":176.0974245406,"side":"Deuce","serveInPlacement":"Body","serveOutcome":"Won"},{"pointNumber":31,"serverName":"Aadarsh Tripathi","x":-113.6426345144,"y":171.5919783464,"side":"Deuce","serveInPlacement":"Wide","serveOutcome":"Won"},{"pointNumber":42,"serverName":"Aadarsh Tripathi","x":34.4510389326,"y":236.3698053367,"side":"Ad","serveInPlacement":"T","serveOutcome":"Lost"},{"pointNumber":52,"serverName":"Aadarsh Tripathi","x":100.8878827646,"y":205.6988735782,"side":"Ad","serveInPlacement":"Body","serveOutcome":"Lost"},{"pointNumber":70,"serverName":"Aadarsh Tripathi","x":-60.8729002624,"y":188.4764162291,"side":"Deuce","serveInPlacement":"Body","serveOutcome":"Won"},{"pointNumber":71,"serverName":"Aadarsh Tripathi","x":12.7305993001,"y":224.1967027558,"side":"Ad","serveInPlacement":"T","serveOutcome":"Won"},{"pointNumber":73,"serverName":"Aadarsh Tripathi","x":35.7736439195,"y":200.0710465878,"side":"Ad","serveInPlacement":"T","serveOutcome":"Lost"},{"pointNumber":83,"serverName":"Aadarsh Tripathi","x":-148.7380194662,"y":190.810285433,"side":"Deuce","serveInPlacement":"Wide","serveOutcome":"Lost"},{"pointNumber":84,"serverName":"Aadarsh Tripathi","x":99.6182141294,"y":181.7503226158,"side":"Ad","serveInPlacement":"Body","serveOutcome":"Won"},{"pointNumber":85,"serverName":"Aadarsh Tripathi","x":-55.9416283902,"y":207.4718394575,"side":"Deuce","serveInPlacement":"Body","serveOutcome":"Lost"},{"pointNumber":96,"serverName":"Aadarsh Tripathi","x":102.5955872703,"y":160.7918143044,"side":"Ad","serveInPlacement":"Body","serveOutcome":"Won"},{"pointNumber":98,"serverName":"Aadarsh Tripathi","x":33.251071741,"y":197.8923118984,"side":"Ad","serveInPlacement":"T","serveOutcome":"Won"},{"pointNumber":99,"serverName":"Aadarsh Tripathi","x":-94.8060968941,"y":164.8110728346,"side":"Deuce","serveInPlacement":"Body","serveOutcome":"Won"},{"pointNumber":108,"serverName":"Aadarsh Tripathi","x":-62.6813484252,"y":154.8075951443,"side":"Deuce","serveInPlacement":"Body","serveOutcome":"Won"},{"pointNumber":111,"serverName":"Aadarsh Tripathi","x":118.20361986,"y":154.7818733595,"side":"Ad","serveInPlacement":"Wide","serveOutcome":"Won"},{"pointNumber":119,"serverName":"Aadarsh Tripathi","x":-47.488653762,"y":143.9378444881,"side":"Deuce","serveInPlacement":"T","serveOutcome":"Won"},{"pointNumber":130,"serverName":"Aadarsh Tripathi","x":69.3734142607,"y":129.8052548118,"side":"Ad","serveInPlacement":"Body","serveOutcome":"Lost"},{"pointNumber":138,"serverName":"Aadarsh Tripathi","x":65.1461996938,"y":171.8761811023,"side":"Ad","serveInPlacement":"Body","serveOutcome":"Won"},{"pointNumber":139,"serverName":"Aadarsh Tripathi","x":-53.0448272091,"y":156.0033136482,"side":"Deuce","serveInPlacement":"Body","serveOutcome":"Lost"},{"pointNumber":140,"serverName":"Aadarsh Tripathi","x":28.1622922135,"y":233.5244860016,"side":"Ad","serveInPlacement":"T","serveOutcome":"Lost"},{"pointNumber":141,"serverName":"Aadarsh Tripathi","x":-71.3233322397,"y":190.1517005686,"side":"Deuce","serveInPlacement":"Body","serveOutcome":"Lost"},{"pointNumber":18,"serverName":"Aadarsh Tripathi","x":-84.4714129483,"y":230.06727909,"side":"Deuce","serveInPlacement":"Body","serveOutcome":"Lost"},{"pointNumber":20,"serverName":"Aadarsh Tripathi","x":-50.7638560805,"y":181.2118875765,"side":"Deuce","serveInPlacement":"T","serveOutcome":"Won"},{"pointNumber":21,"serverName":"Aadarsh Tripathi","x":105.8583497375,"y":191.6997922134,"side":"Ad","serveInPlacement":"Wide","serveOutcome":"Won"},{"pointNumber":29,"serverName":"Aadarsh Tripathi","x":61.2133694225,"y":191.5924267278,"side":"Ad","serveInPlacement":"Body","serveOutcome":"Won"},{"pointNumber":31,"serverName":"Aadarsh Tripathi","x":113.3469488188,"y":204.8432414697,"side":"Ad","serveInPlacement":"Wide","serveOutcome":"Lost"},{"pointNumber":32,"serverName":"Aadarsh Tripathi","x":-133.4908573928,"y":244.3167268153,"side":"Deuce","serveInPlacement":"Wide","serveOutcome":"Won"},{"pointNumber":63,"serverName":"Aadarsh Tripathi","x":-102.1390255905,"y":201.2533300524,"side":"Deuce","serveInPlacement":"Body","serveOutcome":"Lost"},{"pointNumber":64,"serverName":"Aadarsh Tripathi","x":48.9637139107,"y":144.9850120297,"side":"Ad","serveInPlacement":"T","serveOutcome":"Won"},{"pointNumber":65,"serverName":"Aadarsh Tripathi","x":-123.7153926071,"y":165.7599081364,"side":"Deuce","serveInPlacement":"Wide","serveOutcome":"Lost"},{"pointNumber":74,"serverName":"Aadarsh Tripathi","x":-121.0998851705,"y":126.0036745406,"side":"Deuce","serveInPlacement":"Wide","serveOutcome":"Lost"},{"pointNumber":75,"serverName":"Aadarsh Tripathi","x":80.7138888888,"y":179.5013506123,"side":"Ad","serveInPlacement":"Body","serveOutcome":"Won"},{"pointNumber":77,"serverName":"Aadarsh Tripathi","x":64.6628444882,"y":139.5932742781,"side":"Ad","serveInPlacement":"Body","serveOutcome":"Won"},{"pointNumber":79,"serverName":"Aadarsh Tripathi","x":85.4332622484,"y":135.1544291338,"side":"Ad","serveInPlacement":"Body","serveOutcome":"Won"},{"pointNumber":85,"serverName":"Aadarsh Tripathi","x":36.2328466754,"y":181.6840277777,"side":"Ad","serveInPlacement":"T","serveOutcome":"Lost"},{"pointNumber":88,"serverName":"Aadarsh Tripathi","x":-108.690961286,"y":167.2774934382,"side":"Deuce","serveInPlacement":"Wide","serveOutcome":"Won"},{"pointNumber":98,"serverName":"Aadarsh Tripathi","x":113.3342410323,"y":183.1404472877,"side":"Ad","serveInPlacement":"Wide","serveOutcome":"Won"},{"pointNumber":100,"serverName":"Aadarsh Tripathi","x":63.6460301837,"y":170.4581146106,"side":"Ad","serveInPlacement":"Body","serveOutcome":"Won"},{"pointNumber":101,"serverName":"Aadarsh Tripathi","x":-94.9506288276,"y":166.6192913385,"side":"Deuce","serveInPlacement":"Body","serveOutcome":"Won"},{"pointNumber":7,"serverName":"aadarsh tripathi","x":-90.9593886701,"y":202.7642169728,"side":"Deuce","serveInPlacement":"Body","serveOutcome":"Won"},{"pointNumber":8,"serverName":"aadarsh tripathi","x":124.136357174,"y":212.1131288275,"side":"Ad","serveInPlacement":"Wide","serveOutcome":"Won"},{"pointNumber":10,"serverName":"aadarsh tripathi","x":114.1607064741,"y":153.8338418634,"side":"Ad","serveInPlacement":"Wide","serveOutcome":"Lost"},{"pointNumber":27,"serverName":"aadarsh tripathi","x":-62.4613353018,"y":170.3085301836,"side":"Deuce","serveInPlacement":"Body","serveOutcome":"Won"},{"pointNumber":28,"serverName":"aadarsh tripathi","x":31.4687664042,"y":200.7977252842,"side":"Ad","serveInPlacement":"T","serveOutcome":"Lost"},{"pointNumber":29,"serverName":"aadarsh tripathi","x":-58.3376968504,"y":151.578133202,"side":"Deuce","serveInPlacement":"Body","serveOutcome":"Lost"},{"pointNumber":30,"serverName":"aadarsh tripathi","x":76.3852416885,"y":177.4498851705,"side":"Ad","serveInPlacement":"Body","serveOutcome":"Lost"},{"pointNumber":32,"serverName":"aadarsh tripathi","x":87.8263451443,"y":168.4233377077,"side":"Ad","serveInPlacement":"Body","serveOutcome":"Lost"},{"pointNumber":49,"serverName":"aadarsh tripathi","x":-85.5552876203,"y":137.317853237,"side":"Deuce","serveInPlacement":"Body","serveOutcome":"Won"},{"pointNumber":50,"serverName":"aadarsh tripathi","x":137.9798447068,"y":173.1052384076,"side":"Ad","serveInPlacement":"Wide","serveOutcome":"Lost"},{"pointNumber":51,"serverName":"aadarsh tripathi","x":-49.0283628609,"y":164.3897637794,"side":"Deuce","serveInPlacement":"T","serveOutcome":"Won"},{"pointNumber":52,"serverName":"aadarsh tripathi","x":69.2139927821,"y":220.6412018809,"side":"Ad","serveInPlacement":"Body","serveOutcome":"Lost"},{"pointNumber":53,"serverName":"aadarsh tripathi","x":-71.7552055993,"y":241.7537729658,"side":"Deuce","serveInPlacement":"Body","serveOutcome":"Lost"},{"pointNumber":64,"serverName":"aadarsh tripathi","x":101.2658628608,"y":168.1572397199,"side":"Ad","serveInPlacement":"Body","serveOutcome":"Won"},{"pointNumber":73,"serverName":"aadarsh tripathi","x":-101.8740758967,"y":211.8638724846,"side":"Deuce","serveInPlacement":"Body","serveOutcome":"Won"},{"pointNumber":76,"serverName":"aadarsh tripathi","x":117.5087489063,"y":205.1876148293,"side":"Ad","serveInPlacement":"Wide","serveOutcome":"Won"},{"pointNumber":85,"serverName":"aadarsh tripathi","x":-68.3595089676,"y":212.4084700349,"side":"Deuce","serveInPlacement":"Body","serveOutcome":"Won"},{"pointNumber":86,"serverName":"aadarsh tripathi","x":21.0706966317,"y":158.3474792213,"side":"Ad","serveInPlacement":"T","serveOutcome":"Lost"},{"pointNumber":87,"serverName":"aadarsh tripathi","x":-58.3859251968,"y":243.9387849955,"side":"Deuce","serveInPlacement":"Body","serveOutcome":"Lost"},{"pointNumber":98,"serverName":"aadarsh tripathi","x":68.9844488189,"y":215.0701771652,"side":"Ad","serveInPlacement":"Body","serveOutcome":"Won"},{"pointNumber":100,"serverName":"aadarsh tripathi","x":59.029773622,"y":182.7211668853,"side":"Ad","serveInPlacement":"Body","serveOutcome":"Won"},{"pointNumber":8,"serverName":"Aadarsh Tripathi","x":102.1216480752,"y":135.8344488188,"side":"Ad","serveInPlacement":"Body","serveOutcome":"Won"},{"pointNumber":9,"serverName":"Aadarsh Tripathi","x":-48.8852471566,"y":131.6068897637,"side":"Deuce","serveInPlacement":"T","serveOutcome":"Won"},{"pointNumber":10,"serverName":"Aadarsh Tripathi","x":114.3479549431,"y":158.5923720472,"side":"Ad","serveInPlacement":"Wide","serveOutcome":"Won"},{"pointNumber":17,"serverName":"Aadarsh Tripathi","x":24.8933289589,"y":239.730517279,"side":"Ad","serveInPlacement":"T","serveOutcome":"Lost"},{"pointNumber":18,"serverName":"Aadarsh Tripathi","x":-119.5607119422,"y":244.4318624233,"side":"Deuce","serveInPlacement":"Wide","serveOutcome":"Lost"},{"pointNumber":20,"serverName":"Aadarsh Tripathi","x":-149.1549267278,"y":244.9999999999,"side":"Deuce","serveInPlacement":"Wide","serveOutcome":"Lost"},{"pointNumber":26,"serverName":"Aadarsh Tripathi","x":-140.617361111,"y":152.6765146543,"side":"Deuce","serveInPlacement":"Wide","serveOutcome":"Lost"},{"pointNumber":30,"serverName":"Aadarsh Tripathi","x":-85.5271926946,"y":201.5973589238,"side":"Deuce","serveInPlacement":"Body","serveOutcome":"Lost"},{"pointNumber":39,"serverName":"Aadarsh Tripathi","x":-79.1380468066,"y":220.1171587925,"side":"Deuce","serveInPlacement":"Body","serveOutcome":"Won"},{"pointNumber":50,"serverName":"Aadarsh Tripathi","x":-145.0740813648,"y":150.1465933945,"side":"Deuce","serveInPlacement":"Wide","serveOutcome":"Won"},{"pointNumber":64,"serverName":"Aadarsh Tripathi","x":105.9521270778,"y":244.5181758529,"side":"Ad","serveInPlacement":"Wide","serveOutcome":"Lost"},{"pointNumber":66,"serverName":"Aadarsh Tripathi","x":102.6654800962,"y":241.6205325896,"side":"Ad","serveInPlacement":"Body","serveOutcome":"Won"},{"pointNumber":67,"serverName":"Aadarsh Tripathi","x":-76.0641021434,"y":229.380522747,"side":"Deuce","serveInPlacement":"Body","serveOutcome":"Lost"},{"pointNumber":75,"serverName":"Aadarsh Tripathi","x":-56.5068569554,"y":147.5279855642,"side":"Deuce","serveInPlacement":"Body","serveOutcome":"Won"},{"pointNumber":77,"serverName":"Aadarsh Tripathi","x":-140.5039479439,"y":112.1847222222,"side":"Deuce","serveInPlacement":"Wide","serveOutcome":"Lost"},{"pointNumber":90,"serverName":"Aadarsh Tripathi","x":106.7606025809,"y":244.8723097112,"side":"Ad","serveInPlacement":"Wide","serveOutcome":"Won"},{"pointNumber":92,"serverName":"Aadarsh Tripathi","x":102.5915682414,"y":174.8134022309,"side":"Ad","serveInPlacement":"Body","serveOutcome":"Won"},{"pointNumber":102,"serverName":"Aadarsh Tripathi","x":136.6509623796,"y":179.7510279964,"side":"Ad","serveInPlacement":"Wide","serveOutcome":"Won"},{"pointNumber":109,"serverName":"Aadarsh Tripathi","x":-74.9955763342,"y":160.8351049868,"side":"Deuce","serveInPlacement":"Body","serveOutcome":"Won"},{"pointNumber":110,"serverName":"Aadarsh Tripathi","x":144.0069717847,"y":191.3972550305,"side":"Ad","serveInPlacement":"Wide","serveOutcome":"Won"},{"pointNumber":113,"serverName":"Aadarsh Tripathi","x":-148.0191874452,"y":196.8620242781,"side":"Deuce","serveInPlacement":"Wide","serveOutcome":"Won"},{"pointNumber":121,"serverName":"Aadarsh Tripathi","x":-69.0589348206,"y":186.4918197724,"side":"Deuce","serveInPlacement":"Body","serveOutcome":"Lost"},{"pointNumber":122,"serverName":"Aadarsh Tripathi","x":34.8844816273,"y":223.1055555554,"side":"Ad","serveInPlacement":"T","serveOutcome":"Lost"},{"pointNumber":130,"serverName":"Aadarsh Tripathi","x":-122.234055118,"y":180.1001476377,"side":"Deuce","serveInPlacement":"Wide","serveOutcome":"Won"},{"pointNumber":133,"serverName":"Aadarsh Tripathi","x":139.6716262029,"y":144.66727909,"side":"Ad","serveInPlacement":"Wide","serveOutcome":"Lost"},{"pointNumber":134,"serverName":"Matteo Morazzi","x":-85.5374125109,"y":203.4053860454,"side":"Deuce","serveInPlacement":"Body","serveOutcome":"Lost"},{"pointNumber":21,"serverName":"aadarsh tripathi","x":-68.7481299212,"y":226.5439687225,"side":"Deuce","serveInPlacement":"Body","serveOutcome":"Won"},{"pointNumber":23,"serverName":"aadarsh tripathi","x":-83.0988188976,"y":187.587751531,"side":"Deuce","serveInPlacement":"Body","serveOutcome":"Lost"},{"pointNumber":24,"serverName":"aadarsh tripathi","x":92.9592574365,"y":165.320073272,"side":"Ad","serveInPlacement":"Body","serveOutcome":"Won"},{"pointNumber":25,"serverName":"aadarsh tripathi","x":-72.4520286526,"y":181.3774332895,"side":"Deuce","serveInPlacement":"Body","serveOutcome":"Won"},{"pointNumber":37,"serverName":"aadarsh tripathi","x":-52.5841699475,"y":179.0770559929,"side":"Deuce","serveInPlacement":"Body","serveOutcome":"Won"},{"pointNumber":43,"serverName":"aadarsh tripathi","x":-44.9770669291,"y":152.8934656605,"side":"Deuce","serveInPlacement":"T","serveOutcome":"Won"},{"pointNumber":45,"serverName":"aadarsh tripathi","x":-60.9223534558,"y":179.8463363954,"side":"Deuce","serveInPlacement":"Body","serveOutcome":"Lost"},{"pointNumber":47,"serverName":"aadarsh tripathi","x":-26.4004265092,"y":159.1820209973,"side":"Deuce","serveInPlacement":"T","serveOutcome":"Won"},{"pointNumber":55,"serverName":"aadarsh tripathi","x":133.6622211285,"y":157.3946248906,"side":"Ad","serveInPlacement":"Wide","serveOutcome":"Lost"},{"pointNumber":61,"serverName":"aadarsh tripathi","x":122.0277832458,"y":150.4859525371,"side":"Ad","serveInPlacement":"Wide","serveOutcome":"Won"},{"pointNumber":63,"serverName":"aadarsh tripathi","x":73.3905675853,"y":169.1133092738,"side":"Ad","serveInPlacement":"Body","serveOutcome":"Won"},{"pointNumber":64,"serverName":"aadarsh tripathi","x":-56.6960192476,"y":200.6621500436,"side":"Deuce","serveInPlacement":"Body","serveOutcome":"Lost"},{"pointNumber":68,"serverName":"aadarsh tripathi","x":-59.5148512686,"y":196.3478182414,"side":"Deuce","serveInPlacement":"Body","serveOutcome":"Lost"},{"pointNumber":71,"serverName":"aadarsh tripathi","x":90.1190288713,"y":191.8176454505,"side":"Ad","serveInPlacement":"Body","serveOutcome":"Lost"},{"pointNumber":72,"serverName":"aadarsh tripathi","x":-49.5645013123,"y":193.7324639107,"side":"Deuce","serveInPlacement":"T","serveOutcome":"Won"},{"pointNumber":75,"serverName":"aadarsh tripathi","x":2.8057797463,"y":217.457824803,"side":"Ad","serveInPlacement":"T","serveOutcome":"Lost"},{"pointNumber":76,"serverName":"aadarsh tripathi","x":-83.707567804,"y":174.5752077864,"side":"Deuce","serveInPlacement":"Body","serveOutcome":"Won"},{"pointNumber":79,"serverName":"aadarsh tripathi","x":98.8957075678,"y":164.1545931758,"side":"Ad","serveInPlacement":"Body","serveOutcome":"Lost"},{"pointNumber":80,"serverName":"aadarsh tripathi","x":-58.013571741,"y":201.2291010498,"side":"Deuce","serveInPlacement":"Body","serveOutcome":"Lost"},{"pointNumber":90,"serverName":"aadarsh tripathi","x":-125.4770286526,"y":189.9399934382,"side":"Deuce","serveInPlacement":"Wide","serveOutcome":"Won"},{"pointNumber":91,"serverName":"aadarsh tripathi","x":14.0941218285,"y":221.1670056867,"side":"Ad","serveInPlacement":"T","serveOutcome":"Won"},{"pointNumber":100,"serverName":"aadarsh tripathi","x":96.4881178915,"y":124.911111111,"side":"Ad","serveInPlacement":"Body","serveOutcome":"Won"},{"pointNumber":101,"serverName":"aadarsh tripathi","x":-62.2085958005,"y":128.6725010935,"side":"Deuce","serveInPlacement":"Body","serveOutcome":"Won"},{"pointNumber":106,"serverName":"aadarsh tripathi","x":-27.7350885827,"y":158.8348917322,"side":"Deuce","serveInPlacement":"T","serveOutcome":"Lost"},{"pointNumber":111,"serverName":"aadarsh tripathi","x":104.2884022309,"y":244.7416338581,"side":"Ad","serveInPlacement":"Body","serveOutcome":"Won"},{"pointNumber":117,"serverName":"aadarsh tripathi","x":-40.5615321522,"y":184.1788112422,"side":"Deuce","serveInPlacement":"T","serveOutcome":"Lost"},{"pointNumber":118,"serverName":"aadarsh tripathi","x":94.1279910323,"y":146.3112532808,"side":"Ad","serveInPlacement":"Body","serveOutcome":"Lost"},{"pointNumber":122,"serverName":"aadarsh tripathi","x":88.2429079177,"y":180.7209153542,"side":"Ad","serveInPlacement":"Body","serveOutcome":"Lost"},{"pointNumber":128,"serverName":"aadarsh tripathi","x":-134.3653215222,"y":224.9494094487,"side":"Deuce","serveInPlacement":"Wide","serveOutcome":"Lost"},{"pointNumber":132,"serverName":"aadarsh tripathi","x":-60.4815616798,"y":215.0647419072,"side":"Deuce","serveInPlacement":"Body","serveOutcome":"Won"},{"pointNumber":147,"serverName":"aadarsh tripathi","x":-84.7774332895,"y":191.481501531,"side":"Deuce","serveInPlacement":"Body","serveOutcome":"Won"},{"pointNumber":150,"serverName":"aadarsh tripathi","x":88.3160925196,"y":170.4181922571,"side":"Ad","serveInPlacement":"Body","serveOutcome":"Lost"},{"pointNumber":7,"serverName":"Aadarsh Tripathi","x":-104.0184000437,"y":215.4011920384,"side":"Deuce","serveInPlacement":"Body","serveOutcome":"Lost"},{"pointNumber":8,"serverName":"Aadarsh Tripathi","x":115.123857174,"y":214.6275481189,"side":"Ad","serveInPlacement":"Wide","serveOutcome":"Lost"},{"pointNumber":9,"serverName":"Aadarsh Tripathi","x":-126.2187117235,"y":179.0973807961,"side":"Deuce","serveInPlacement":"Wide","serveOutcome":"Lost"},{"pointNumber":19,"serverName":"Aadarsh Tripathi","x":94.2246008311,"y":244.4539096674,"side":"Ad","serveInPlacement":"Body","serveOutcome":"Won"},{"pointNumber":20,"serverName":"Aadarsh Tripathi","x":-140.635695538,"y":243.7078630795,"side":"Deuce","serveInPlacement":"Wide","serveOutcome":"Lost"},{"pointNumber":22,"serverName":"Aadarsh Tripathi","x":62.0827810586,"y":217.4133858267,"side":"Ad","serveInPlacement":"Body","serveOutcome":"Won"},{"pointNumber":28,"serverName":"Aadarsh Tripathi","x":-130.0152395012,"y":181.1684055117,"side":"Deuce","serveInPlacement":"Wide","serveOutcome":"Won"},{"pointNumber":39,"serverName":"Aadarsh Tripathi","x":-100.0892825896,"y":210.2293908573,"side":"Deuce","serveInPlacement":"Body","serveOutcome":"Lost"},{"pointNumber":40,"serverName":"Aadarsh Tripathi","x":57.7733103674,"y":201.4705107173,"side":"Ad","serveInPlacement":"Body","serveOutcome":"Won"},{"pointNumber":41,"serverName":"Aadarsh Tripathi","x":-120.7267279089,"y":203.1503116797,"side":"Deuce","serveInPlacement":"Wide","serveOutcome":"Lost"},{"pointNumber":53,"serverName":"Aadarsh Tripathi","x":-108.2797572178,"y":176.162264873,"side":"Deuce","serveInPlacement":"Wide","serveOutcome":"Lost"},{"pointNumber":55,"serverName":"Aadarsh Tripathi","x":-130.5268427383,"y":111.477143482,"side":"Deuce","serveInPlacement":"Wide","serveOutcome":"Lost"},{"pointNumber":68,"serverName":"Aadarsh Tripathi","x":46.2333005249,"y":209.5499835957,"side":"Ad","serveInPlacement":"T","serveOutcome":"Lost"},{"pointNumber":69,"serverName":"Aadarsh Tripathi","x":-99.4910597112,"y":184.7341644793,"side":"Deuce","serveInPlacement":"Body","serveOutcome":"Lost"},{"pointNumber":80,"serverName":"Aadarsh Tripathi","x":-128.5721784776,"y":207.0862806211,"side":"Deuce","serveInPlacement":"Wide","serveOutcome":"Won"},{"pointNumber":90,"serverName":"Aadarsh Tripathi","x":71.3541830708,"y":197.5638998249,"side":"Ad","serveInPlacement":"Body","serveOutcome":"Lost"},{"pointNumber":91,"serverName":"Aadarsh Tripathi","x":-127.8662456255,"y":238.4494805336,"side":"Deuce","serveInPlacement":"Wide","serveOutcome":"Won"},{"pointNumber":94,"serverName":"Aadarsh Tripathi","x":92.1270122484,"y":206.2336723533,"side":"Ad","serveInPlacement":"Body","serveOutcome":"Won"},{"pointNumber":100,"serverName":"Aadarsh Tripathi","x":-102.6023622047,"y":136.9496719159,"side":"Deuce","serveInPlacement":"Body","serveOutcome":"Lost"},{"pointNumber":112,"serverName":"Preston Stearns","x":99.9795822397,"y":227.0871117672,"side":"Ad","serveInPlacement":"Body","serveOutcome":"Won"},{"pointNumber":117,"serverName":"Aadarsh Tripathi","x":-91.0954232283,"y":172.2455107173,"side":"Deuce","serveInPlacement":"Body","serveOutcome":"Lost"},{"pointNumber":118,"serverName":"Aadarsh Tripathi","x":61.272123797,"y":154.6169400699,"side":"Ad","serveInPlacement":"Body","serveOutcome":"Lost"},{"pointNumber":128,"serverName":"Aadarsh Tripathi","x":-144.958639545,"y":225.1072615922,"side":"Deuce","serveInPlacement":"Wide","serveOutcome":"Lost"},{"pointNumber":130,"serverName":"Aadarsh Tripathi","x":-132.20740923,"y":233.6740704286,"side":"Deuce","serveInPlacement":"Wide","serveOutcome":"Lost"},{"pointNumber":131,"serverName":"Aadarsh Tripathi","x":54.4650371828,"y":224.0714238844,"side":"Ad","serveInPlacement":"Body","serveOutcome":"Lost"},{"pointNumber":6,"serverName":"Aadarsh Tripathi","x":-56.4519685039,"y":182.2381561679,"side":"Deuce","serveInPlacement":"Body","serveOutcome":"Won"},{"pointNumber":8,"serverName":"Aadarsh Tripathi","x":-90.7611931321,"y":193.0105697724,"side":"Deuce","serveInPlacement":"Body","serveOutcome":"Won"},{"pointNumber":22,"serverName":"Aadarsh Tripathi","x":109.3622156605,"y":133.5674486001,"side":"Ad","serveInPlacement":"Wide","serveOutcome":"Lost"},{"pointNumber":25,"serverName":"Aadarsh Tripathi","x":110.4695920822,"y":162.5781769465,"side":"Ad","serveInPlacement":"Wide","serveOutcome":"Lost"},{"pointNumber":33,"serverName":"Aadarsh Tripathi","x":-114.6915627733,"y":205.220570866,"side":"Deuce","serveInPlacement":"Wide","serveOutcome":"Won"},{"pointNumber":36,"serverName":"Aadarsh Tripathi","x":137.4782316272,"y":220.3249617234,"side":"Ad","serveInPlacement":"Wide","serveOutcome":"Won"},{"pointNumber":46,"serverName":"Aadarsh Tripathi","x":68.4727690288,"y":172.6205818022,"side":"Ad","serveInPlacement":"Body","serveOutcome":"Won"},{"pointNumber":57,"serverName":"Aadarsh Tripathi","x":-108.6419674103,"y":176.5792104111,"side":"Deuce","serveInPlacement":"Wide","serveOutcome":"Lost"},{"pointNumber":58,"serverName":"Aadarsh Tripathi","x":118.6481627296,"y":203.7236165791,"side":"Ad","serveInPlacement":"Wide","serveOutcome":"Lost"},{"pointNumber":60,"serverName":"Aadarsh Tripathi","x":103.9007764654,"y":242.6817475939,"side":"Ad","serveInPlacement":"Body","serveOutcome":"Lost"},{"pointNumber":68,"serverName":"Aadarsh Tripathi","x":-72.6263779527,"y":157.5229276027,"side":"Deuce","serveInPlacement":"Body","serveOutcome":"Won"},{"pointNumber":69,"serverName":"Aadarsh Tripathi","x":98.291207349,"y":122.1203740157,"side":"Ad","serveInPlacement":"Body","serveOutcome":"Won"},{"pointNumber":79,"serverName":"Aadarsh Tripathi","x":100.5910104986,"y":170.8197123796,"side":"Ad","serveInPlacement":"Body","serveOutcome":"Won"},{"pointNumber":91,"serverName":"Aadarsh Tripathi","x":-106.1232994313,"y":197.8997375327,"side":"Deuce","serveInPlacement":"Wide","serveOutcome":"Won"},{"pointNumber":94,"serverName":"Aadarsh Tripathi","x":-137.2846675415,"y":183.7946686351,"side":"Deuce","serveInPlacement":"Wide","serveOutcome":"Won"},{"pointNumber":101,"serverName":"Aadarsh Tripathi","x":-47.5810148731,"y":219.0037346893,"side":"Deuce","serveInPlacement":"T","serveOutcome":"Lost"},{"pointNumber":104,"serverName":"Aadarsh Tripathi","x":111.8667213473,"y":244.3868110235,"side":"Ad","serveInPlacement":"Wide","serveOutcome":"Lost"},{"pointNumber":107,"serverName":"Aadarsh Tripathi","x":92.3296478565,"y":244.8888834207,"side":"Ad","serveInPlacement":"Body","serveOutcome":"Won"},{"pointNumber":114,"serverName":"Aadarsh Tripathi","x":75.6167650918,"y":149.5932305336,"side":"Ad","serveInPlacement":"Body","serveOutcome":"Lost"},{"pointNumber":117,"serverName":"Aadarsh Tripathi","x":-77.3253499562,"y":194.5088254592,"side":"Deuce","serveInPlacement":"Body","serveOutcome":"Lost"},{"pointNumber":123,"serverName":"Aadarsh Tripathi","x":-90.1968832021,"y":224.0555774277,"side":"Deuce","serveInPlacement":"Body","serveOutcome":"Won"},{"pointNumber":125,"serverName":"Aadarsh Tripathi","x":-112.3812335957,"y":196.7538167103,"side":"Deuce","serveInPlacement":"Wide","serveOutcome":"Won"},{"pointNumber":127,"serverName":"Aadarsh Tripathi","x":-130.6177110673,"y":207.845570866,"side":"Deuce","serveInPlacement":"Wide","serveOutcome":"Lost"},{"pointNumber":137,"serverName":"Aadarsh Tripathi","x":152.6515583989,"y":184.3386920384,"side":"Ad","serveInPlacement":"Wide","serveOutcome":"Lost"},{"pointNumber":145,"serverName":"Aadarsh Tripathi","x":-70.9833989501,"y":194.5037729658,"side":"Deuce","serveInPlacement":"Body","serveOutcome":"Lost"},{"pointNumber":146,"serverName":"Aadarsh Tripathi","x":131.9181157042,"y":220.8498851705,"side":"Ad","serveInPlacement":"Wide","serveOutcome":"Lost"},{"pointNumber":150,"serverName":"Aadarsh Tripathi","x":99.1671259842,"y":211.0521052055,"side":"Ad","serveInPlacement":"Body","serveOutcome":"Lost"}]