Point,Game,Set,Shot,__source_file__,hit_x,hit_y,bounce_x,bounce_y,bounce_side,opp_hit_x,opp_hit_y
11,2,1,3,court1QuanLiu_UCSB_2026-01-25 at 05.32.18.xlsx,36.193363,468.242352,-119.352632,-261.38106,Backhand Side,3.621094,-0.474753
13,3,1,8,court1QuanLiu_UCSB_2026-01-25 at 05.32.18.xlsx,22.57128,459.632977,83.403768,-420.008885,Forehand Side,3.091797,0.931497
15,3,1,4,court1QuanLiu_UCSB_2026-01-25 at 05.32.18.xlsx,51.458006,443.773602,56.958726,-344.204016,Forehand Side,0.961914,-1.084128
19,4,1,3,court1QuanLiu_UCSB_2026-01-25 at 05.32.18.xlsx,24.42139,456.584065,-89.755855,-386.7605,Backhand Side,-0.580566,-24.083788
19,4,1,7,court1QuanLiu_UCSB_2026-01-25 at 05.32.18.xlsx,4.708235,450.021565,-60.91428,-268.21298,Backhand Side,2.605469,-25.536913
21,4,1,3,court1QuanLiu_UCSB_2026-01-25 at 05.32.18.xlsx,25.583495,473.810645,0.560665,-420.96113499999996,Forehand Side,-3.652344,-25.615038
23,4,1,22,court1QuanLiu_UCSB_2026-01-25 at 05.32.18.xlsx,-26.557615000000002,527.824605,-76.398665,-224.35798,Backhand Side,-2.900391,-24.927538
31,6,1,3,court1QuanLiu_UCSB_2026-01-25 at 05.32.18.xlsx,25.318363,455.554852,-83.728278,-512.0764029999999,Backhand Side,4.214844,-0.888816
31,6,1,11,court1QuanLiu_UCSB_2026-01-25 at 05.32.18.xlsx,37.779286,469.601727,-60.474164,-383.47048,Backhand Side,2.626953,0.829934
36,7,1,6,court1QuanLiu_UCSB_2026-01-25 at 05.32.18.xlsx,22.500491,421.117352,-55.432485,-336.098371,Backhand Side,2.566406,1.033059
36,7,1,8,court1QuanLiu_UCSB_2026-01-25 at 05.32.18.xlsx,23.789048,435.617352,23.789048,-771.298848,Forehand Side,2.353516,1.689309
37,7,1,4,court1QuanLiu_UCSB_2026-01-25 at 05.32.18.xlsx,60.775386999999995,486.820477,-78.12246200000001,-345.945263,Backhand Side,3.042969,-0.115378
39,7,1,2,court1QuanLiu_UCSB_2026-01-25 at 05.32.18.xlsx,70.007798,465.976727,-50.900423,-358.74943,Backhand Side,0.002548,-0.10647
39,7,1,12,court1QuanLiu_UCSB_2026-01-25 at 05.32.18.xlsx,5.787965000000001,420.211102,66.978371,-389.59846999999996,Forehand Side,2.896484,1.423684
40,7,1,8,court1QuanLiu_UCSB_2026-01-25 at 05.32.18.xlsx,37.184583,454.648602,91.535803,-367.39444599999996,Forehand Side,2.658203,1.493997
48,9,1,6,court1QuanLiu_UCSB_2026-01-25 at 05.32.18.xlsx,76.83592,456.310645,147.241605,-414.660085,Forehand Side,-3.324219,-26.115038
48,9,1,8,court1QuanLiu_UCSB_2026-01-25 at 05.32.18.xlsx,-47.16796,535.617565,116.56627499999999,-305.42011500000007,Forehand Side,2.882812,-25.677538
50,9,1,2,court1QuanLiu_UCSB_2026-01-25 at 05.32.18.xlsx,80.25391499999999,426.23252,-66.96319,-329.16905,Backhand Side,-0.283447,-22.365038
61,11,2,1,court1QuanLiu_UCSB_2026-01-25 at 05.32.18.xlsx,52.773419999999994,446.466895,36.119895,-307.36335,Forehand Side,,
61,11,2,7,court1QuanLiu_UCSB_2026-01-25 at 05.32.18.xlsx,-28.232435000000002,468.21523,-90.30839999999999,-416.45477999999997,Backhand Side,3.158203,-25.615038
62,11,2,6,court1QuanLiu_UCSB_2026-01-25 at 05.32.18.xlsx,37.460919999999994,453.029395,75.53105000000001,-340.97073500000005,Forehand Side,-2.392578,-24.536913
62,11,2,10,court1QuanLiu_UCSB_2026-01-25 at 05.32.18.xlsx,-43.16893,422.27773,-55.457535,-416.96746,Backhand Side,-2.572266,-24.693163
64,12,2,3,court1QuanLiu_UCSB_2026-01-25 at 05.32.18.xlsx,-2.51006,417.355855,86.310035,-396.822475,Forehand Side,-1.224609,-24.958788
67,12,2,11,court1QuanLiu_UCSB_2026-01-25 at 05.32.18.xlsx,1.5188599999999999,445.09969,-115.32227,5.075419999999982,Backhand Side,-2.375,-25.505663
68,12,2,5,court1QuanLiu_UCSB_2026-01-25 at 05.32.18.xlsx,76.97266499999999,432.248145,-139.029415,-336.58625,Backhand Side,-3.427734,-26.974413
69,13,2,14,court1QuanLiu_UCSB_2026-01-25 at 05.32.18.xlsx,6.641116,421.117352,85.530251,-368.160887,Forehand Side,-2.644531,2.423685
69,13,2,16,court1QuanLiu_UCSB_2026-01-25 at 05.32.18.xlsx,51.712887,410.242352,119.92175700000001,-347.998985,Forehand Side,-3.542969,2.462747
70,13,2,2,court1QuanLiu_UCSB_2026-01-25 at 05.32.18.xlsx,89.265625,484.554852,7.037604,-618.515625,Forehand Side,1.032227,-1.318503
72,13,2,2,court1QuanLiu_UCSB_2026-01-25 at 05.32.18.xlsx,36.165029999999994,480.023602,-70.306324,-407.05525199999994,Backhand Side,1.277344,0.28717
72,13,2,4,court1QuanLiu_UCSB_2026-01-25 at 05.32.18.xlsx,11.675052,470.054852,-33.077515999999996,-389.98022599999996,Backhand Side,1.836914,0.150247
72,13,2,6,court1QuanLiu_UCSB_2026-01-25 at 05.32.18.xlsx,71.537113,478.664227,91.770065,-353.21306899999996,Forehand Side,1.918945,2.204935
79,14,2,3,court1QuanLiu_UCSB_2026-01-25 at 05.32.18.xlsx,11.434323,431.086102,-86.721803,-361.642006,Backhand Side,-1.400391,-0.396628
79,14,2,5,court1QuanLiu_UCSB_2026-01-25 at 05.32.18.xlsx,106.654286,436.523602,-102.507373,-398.266106,Backhand Side,3.423828,2.15806
80,14,2,9,court1QuanLiu_UCSB_2026-01-25 at 05.32.18.xlsx,21.849122,462.804852,117.98983500000001,-291.696036,Forehand Side,0.854004,-0.021628
87,16,2,7,court1QuanLiu_UCSB_2026-01-25 at 05.32.18.xlsx,-3.452155,439.50431000000003,-66.93662499999999,-277.824225,Backhand Side,-3.869141,-25.927538
92,17,2,12,court1QuanLiu_UCSB_2026-01-25 at 05.32.18.xlsx,41.885744,460.992352,61.52396400000001,-314.889743,Forehand Side,2.189453,1.509622
8,2,1,3,RudyQuan_MathisBondaz_5-1-26.xlsx,6.970324,445.132977,-56.923839,-454.25779800000004,Backhand Side,,
11,2,1,11,RudyQuan_MathisBondaz_5-1-26.xlsx,43.046875,440.148602,-54.201667,-368.659426,Backhand Side,,
13,2,1,3,RudyQuan_MathisBondaz_5-1-26.xlsx,23.987292,463.711102,-68.705089,-284.789048,Backhand Side,,
18,3,1,2,RudyQuan_MathisBondaz_5-1-26.xlsx,44.576161,432.445477,-45.595714,-433.52735099999995,Backhand Side,,
23,4,1,3,RudyQuan_MathisBondaz_5-1-26.xlsx,73.828125,428.146565,83.92524,-383.78525499999995,Forehand Side,,
25,4,1,3,RudyQuan_MathisBondaz_5-1-26.xlsx,35.23926,451.38877,52.4895,-298.27021,Forehand Side,,
25,4,1,20,RudyQuan_MathisBondaz_5-1-26.xlsx,4.37927,483.38094,139.442205,-368.98392999999993,Forehand Side,,
25,4,1,22,RudyQuan_MathisBondaz_5-1-26.xlsx,74.169935,421.310645,-113.09501,-326.38956,Backhand Side,,
28,5,1,10,RudyQuan_MathisBondaz_5-1-26.xlsx,1.86599,509.904395,108.94694999999999,-371.633535,Forehand Side,,
28,5,1,12,RudyQuan_MathisBondaz_5-1-26.xlsx,5.5499149999999995,436.896565,105.7427,-350.261415,Forehand Side,,
31,5,1,2,RudyQuan_MathisBondaz_5-1-26.xlsx,58.54982,518.9278499999999,-87.21905500000001,-335.62088000000006,Backhand Side,,
31,5,1,4,RudyQuan_MathisBondaz_5-1-26.xlsx,-75.60546000000001,444.15273,-11.46222,-297.77247499999993,Backhand Side,,
32,6,1,5,RudyQuan_MathisBondaz_5-1-26.xlsx,1.8585230000000001,492.711102,-53.695298,-452.628578,Backhand Side,,
33,6,1,3,RudyQuan_MathisBondaz_5-1-26.xlsx,16.369137,475.492352,-56.735281,-450.607597,Backhand Side,,
39,7,1,1,RudyQuan_MathisBondaz_5-1-26.xlsx,55.309583,498.148602,-152.22575600000002,-473.224987,Backhand Side,,
46,8,1,7,RudyQuan_MathisBondaz_5-1-26.xlsx,-11.595465,420.91056000000003,-66.547845,-239.10425,Backhand Side,,
46,8,1,11,RudyQuan_MathisBondaz_5-1-26.xlsx,44.775394999999996,473.53719,79.37349,-257.834465,Forehand Side,,
49,8,1,5,RudyQuan_MathisBondaz_5-1-26.xlsx,62.20704,454.94344,-75.55086,-223.11250499999997,Backhand Side,,
50,9,1,6,RudyQuan_MathisBondaz_5-1-26.xlsx,39.921875,442.365315,111.71587000000001,-303.791915,Forehand Side,,
53,9,1,2,RudyQuan_MathisBondaz_5-1-26.xlsx,106.23046000000001,526.310645,-57.333954999999996,-324.7287749999999,Backhand Side,,
59,11,2,2,RudyQuan_MathisBondaz_5-1-26.xlsx,95.77148,513.4590999999999,59.31415,-411.85802000000007,Forehand Side,,
63,11,2,2,RudyQuan_MathisBondaz_5-1-26.xlsx,54.92676,525.76377,-72.34447499999999,-297.72176,Backhand Side,,
64,11,2,4,RudyQuan_MathisBondaz_5-1-26.xlsx,49.663075,502.248145,-86.73731500000001,-293.14480999999995,Backhand Side,,
75,13,2,2,RudyQuan_MathisBondaz_5-1-26.xlsx,52.845714,468.242352,-83.318363,-268.476548,Backhand Side,,
80,14,2,5,RudyQuan_MathisBondaz_5-1-26.xlsx,24.412113,480.929852,-74.18281200000001,-475.487683,Backhand Side,,
80,14,2,7,RudyQuan_MathisBondaz_5-1-26.xlsx,9.947522,437.429852,-51.351808000000005,-419.242734,Backhand Side,,
80,14,2,9,RudyQuan_MathisBondaz_5-1-26.xlsx,47.266607,437.429852,-72.160149,-327.382798,Backhand Side,,
82,15,2,4,RudyQuan_MathisBondaz_5-1-26.xlsx,87.36328999999999,447.560645,73.018225,-294.34803999999997,Forehand Side,,
82,15,2,6,RudyQuan_MathisBondaz_5-1-26.xlsx,18.86717,468.88877,62.788075,-225.08958500000003,Forehand Side,,
84,15,2,8,RudyQuan_MathisBondaz_5-1-26.xlsx,39.921875,463.966895,87.454605,-266.01246000000003,Forehand Side,,
85,15,2,2,RudyQuan_MathisBondaz_5-1-26.xlsx,28.779310000000002,460.13877,-85.577905,-223.643805,Backhand Side,,
6,2,1,3,RudyQuan_NathanTrouve_2-21-26 (1).xlsx,37.973635,447.560645,-75.119415,-349.328665,Backhand Side,,
8,2,1,3,RudyQuan_NathanTrouve_2-21-26 (1).xlsx,-55.40528,417.62931000000003,-77.09254,-303.83269,Backhand Side,,
11,3,1,4,RudyQuan_NathanTrouve_2-21-26 (1).xlsx,6.276235000000001,423.22469,71.64878,-322.75824,Forehand Side,,
12,3,1,2,RudyQuan_NathanTrouve_2-21-26 (1).xlsx,-108.828125,427.199605,18.355225,-343.29816500000004,Forehand Side,,
17,4,1,3,RudyQuan_NathanTrouve_2-21-26 (1).xlsx,32.285149,383.054852,117.01819000000002,-292.161109,Forehand Side,,
18,4,1,3,RudyQuan_NathanTrouve_2-21-26 (1).xlsx,44.321279999999994,428.367352,-81.90298899999999,-314.91810499999997,Backhand Side,,
21,5,1,1,RudyQuan_NathanTrouve_2-21-26 (1).xlsx,72.273452,453.742352,-60.81056399999999,-356.539601,Backhand Side,,
23,5,1,1,RudyQuan_NathanTrouve_2-21-26 (1).xlsx,55.111339,451.929852,-76.795045,-427.555816,Backhand Side,,
28,6,1,3,RudyQuan_NathanTrouve_2-21-26 (1).xlsx,37.05079,482.01377,-81.22467499999999,-332.32625999999993,Backhand Side,,
29,6,1,5,RudyQuan_NathanTrouve_2-21-26 (1).xlsx,59.57518,446.740315,0.8117549999999999,-413.867055,Forehand Side,,
33,7,1,2,RudyQuan_NathanTrouve_2-21-26 (1).xlsx,98.369145,429.51377,-14.86331,-313.877585,Backhand Side,,
38,8,1,3,RudyQuan_NathanTrouve_2-21-26 (1).xlsx,26.677738,400.273602,-87.62654500000001,-377.85219399999994,Backhand Side,,
39,8,1,5,RudyQuan_NathanTrouve_2-21-26 (1).xlsx,40.498036,466.429852,-20.925066,-404.74372,Backhand Side,,
41,8,1,3,RudyQuan_NathanTrouve_2-21-26 (1).xlsx,23.491711,395.289227,-20.976135000000003,-482.60744399999993,Backhand Side,,
45,9,1,2,RudyQuan_NathanTrouve_2-21-26 (1).xlsx,93.173839,460.992352,14.551359,-350.483067,Forehand Side,,
49,10,1,3,RudyQuan_NathanTrouve_2-21-26 (1).xlsx,102.8125,438.26377,127.956885,-245.33362,Forehand Side,,
49,10,1,5,RudyQuan_NathanTrouve_2-21-26 (1).xlsx,-20.610345000000002,535.344145,-128.036475,-345.098075,Backhand Side,,
50,10,1,5,RudyQuan_NathanTrouve_2-21-26 (1).xlsx,86.67967,458.771565,-114.57201,-340.797765,Backhand Side,,
55,11,1,2,RudyQuan_NathanTrouve_2-21-26 (1).xlsx,66.95801,468.06844,40.012525000000004,-96.82484000000002,Forehand Side,,
59,11,1,2,RudyQuan_NathanTrouve_2-21-26 (1).xlsx,-97.20703999999999,472.31681000000003,-70.14504000000001,-299.26883,Backhand Side,,
64,12,1,3,RudyQuan_NathanTrouve_2-21-26 (1).xlsx,55.989256,450.570477,94.922017,-289.093547,Forehand Side,,
65,12,1,13,RudyQuan_NathanTrouve_2-21-26 (1).xlsx,1.428395,464.617352,143.190835,-357.020856,Forehand Side,,
67,12,1,3,RudyQuan_NathanTrouve_2-21-26 (1).xlsx,26.819345,433.804852,83.454634,-313.650689,Forehand Side,,
67,12,1,13,RudyQuan_NathanTrouve_2-21-26 (1).xlsx,12.425543,445.586102,96.361954,-298.14934800000003,Forehand Side,,
77,14,2,7,RudyQuan_NathanTrouve_2-21-26 (1).xlsx,32.419450000000005,432.79502,127.067395,-390.40029,Forehand Side,,
78,14,2,3,RudyQuan_NathanTrouve_2-21-26 (1).xlsx,33.496085,439.084065,-71.66138,-253.53821500000004,Backhand Side,,
78,14,2,5,RudyQuan_NathanTrouve_2-21-26 (1).xlsx,44.70704,473.810645,-83.70607,-340.994045,Backhand Side,,
80,14,2,5,RudyQuan_NathanTrouve_2-21-26 (1).xlsx,66.889655,416.115315,129.73408,-415.13650499999994,Forehand Side,,
81,15,2,6,RudyQuan_NathanTrouve_2-21-26 (1).xlsx,-37.153305,442.23868500000003,-20.061754999999998,-195.13676,Backhand Side,,
84,15,2,2,RudyQuan_NathanTrouve_2-21-26 (1).xlsx,70.068355,435.25594,-64.852445,-323.01618999999994,Backhand Side,,
84,15,2,8,RudyQuan_NathanTrouve_2-21-26 (1).xlsx,-3.394475,443.05898,-49.483455,-379.60985999999997,Backhand Side,,
86,15,2,6,RudyQuan_NathanTrouve_2-21-26 (1).xlsx,45.971695,457.13094,78.031345,-227.56600999999995,Forehand Side,,
87,15,2,10,RudyQuan_NathanTrouve_2-21-26 (1).xlsx,24.216325,463.42002,-62.623715000000004,-222.19491,Backhand Side,,
87,15,2,12,RudyQuan_NathanTrouve_2-21-26 (1).xlsx,56.533190000000005,420.216895,3.223605,-413.396025,Forehand Side,,
90,16,2,3,RudyQuan_NathanTrouve_2-21-26 (1).xlsx,20.985357,399.367352,53.889627,-389.282602,Forehand Side,,
94,16,2,3,RudyQuan_NathanTrouve_2-21-26 (1).xlsx,27.796384,450.570477,-47.797568000000005,-459.591942,Backhand Side,,
101,18,2,5,RudyQuan_NathanTrouve_2-21-26 (1).xlsx,75.673815,428.42002,84.24094,-404.35409,Forehand Side,,
102,18,2,3,RudyQuan_NathanTrouve_2-21-26 (1).xlsx,3.018505,454.123145,88.54184500000001,-357.66503499999993,Forehand Side,,
106,19,2,2,RudyQuan_NathanTrouve_2-21-26 (1).xlsx,-100.76171000000001,465.75431000000003,-1.149365,-415.13650499999994,Backhand Side,,
106,19,2,4,RudyQuan_NathanTrouve_2-21-26 (1).xlsx,-66.035165,614.91444,-78.33983500000001,-277.932375,Backhand Side,,
113,20,2,3,RudyQuan_NathanTrouve_2-21-26 (1).xlsx,58.792975999999996,439.242352,-46.179542,-379.346883,Backhand Side,,
113,20,2,5,RudyQuan_NathanTrouve_2-21-26 (1).xlsx,3.9152899999999997,458.273602,-84.488397,-336.874527,Backhand Side,,
113,20,2,7,RudyQuan_NathanTrouve_2-21-26 (1).xlsx,18.110847999999997,440.148602,-108.365866,-378.994272,Backhand Side,,
120,21,2,2,RudyQuan_NathanTrouve_2-21-26 (1).xlsx,58.962886999999995,474.586102,10.79003,-791.15625,Forehand Side,,
124,22,2,3,RudyQuan_NathanTrouve_2-21-26 (1).xlsx,33.820814999999996,418.84969,109.13987,-320.058445,Forehand Side,,
124,22,2,7,RudyQuan_NathanTrouve_2-21-26 (1).xlsx,34.76074,461.779395,-46.597355,-245.41902,Backhand Side,,
125,22,2,2,RudyQuan_NathanTrouve_2-21-26 (1).xlsx,46.860345,437.716895,103.481245,-296.390395,Forehand Side,,
125,22,2,4,RudyQuan_NathanTrouve_2-21-26 (1).xlsx,5.08424,416.38877,-56.225120000000004,-182.33040000000003,Backhand Side,,
127,23,2,2,RudyQuan_NathanTrouve_2-21-26 (1).xlsx,54.995115,494.04502,-29.23669,-225.86109000000002,Backhand Side,,
129,23,2,2,RudyQuan_NathanTrouve_2-21-26 (1).xlsx,-92.96875,421.730855,47.756975,-174.86833000000007,Forehand Side,,
135,24,2,5,RudyQuan_NathanTrouve_2-21-26 (1).xlsx,6.910149,420.664227,-113.592855,-310.892412,Backhand Side,,
17,4,1,2,RudyQuan_NathanTrouve_3-13-26 (1).xlsx,54.072269999999996,420.36368500000003,-3.090185,-344.5642199999999,Backhand Side,,
19,4,1,1,RudyQuan_NathanTrouve_3-13-26 (1).xlsx,165.97657999999998,507.86365,165.97657999999998,378.72547999999995,Forehand Side,,
19,4,1,2,RudyQuan_NathanTrouve_3-13-26 (1).xlsx,71.162105,426.65273,63.70182,-192.07198499999996,Forehand Side,,
30,6,1,2,RudyQuan_NathanTrouve_3-13-26 (1).xlsx,-30.217768,460.992352,36.800623,-270.963501,Forehand Side,,
43,8,1,2,RudyQuan_NathanTrouve_3-13-26 (1).xlsx,24.916990000000002,531.105855,-1.31824,-225.08503499999995,Backhand Side,,
53,10,2,2,RudyQuan_NathanTrouve_3-13-26 (1).xlsx,-54.828125,459.179852,29.597284000000002,-484.154014,Forehand Side,,
63,12,2,2,RudyQuan_NathanTrouve_3-13-26 (1).xlsx,-69.692385,425.41219,16.924355000000002,-267.63506000000007,Forehand Side,,
65,12,2,2,RudyQuan_NathanTrouve_3-13-26 (1).xlsx,72.05078999999999,460.012105,13.193354999999999,-298.16675,Forehand Side,,
90,16,2,2,RudyQuan_NathanTrouve_3-13-26 (1).xlsx,-61.11329,423.22469,-76.01394499999999,-315.807625,Backhand Side,,
98,18,2,2,RudyQuan_NathanTrouve_3-13-26 (1).xlsx,-43.046875,452.836102,-20.419016,-366.726779,Backhand Side,,
121,22,3,2,RudyQuan_NathanTrouve_3-13-26 (1).xlsx,-29.934583,465.523602,-15.468397,-378.545062,Backhand Side,,
129,24,3,2,RudyQuan_NathanTrouve_3-13-26 (1).xlsx,73.828125,457.824605,88.82853,-226.50876500000007,Forehand Side,,
142,26,3,2,RudyQuan_NathanTrouve_3-13-26 (1).xlsx,-42.338869,442.867352,-65.677692,-454.536488,Backhand Side,,
144,26,3,2,RudyQuan_NathanTrouve_3-13-26 (1).xlsx,-39.875,454.648602,34.881316,-486.83683299999996,Forehand Side,,
146,26,3,2,RudyQuan_NathanTrouve_3-13-26 (1).xlsx,-7.264151999999999,453.742352,55.491355,-479.99726999999996,Forehand Side,,
2,1,1,3,RudyQuan_PatrikMeszaros.xlsx,78.955065,479.552815,-99.300285,-346.77989500000007,Backhand Side,,
2,1,1,5,RudyQuan_PatrikMeszaros.xlsx,90.16602,443.185645,78.98439499999999,-299.119975,Forehand Side,,
3,1,1,3,RudyQuan_PatrikMeszaros.xlsx,-42.382830000000006,463.293355,-93.45728000000001,-226.68334499999997,Backhand Side,,
9,2,1,8,RudyQuan_PatrikMeszaros.xlsx,22.004881,475.492352,37.772703,-352.50201799999996,Forehand Side,,
10,2,1,1,RudyQuan_PatrikMeszaros.xlsx,63.380863000000005,483.648602,48.201161,-500.92970199999996,Forehand Side,,
10,2,1,4,RudyQuan_PatrikMeszaros.xlsx,5.603873,493.617352,-94.06741600000001,-292.873871,Backhand Side,,
14,3,1,3,RudyQuan_PatrikMeszaros.xlsx,39.166994,450.117352,-105.86467400000001,-308.398934,Backhand Side,,
14,3,1,5,RudyQuan_PatrikMeszaros.xlsx,103.369137,423.836102,101.090549,-382.168438,Forehand Side,,
17,3,1,3,RudyQuan_PatrikMeszaros.xlsx,42.508779999999994,461.898602,-53.720006,-429.572186,Backhand Side,,
18,4,1,11,RudyQuan_PatrikMeszaros.xlsx,30.359375,429.273602,77.727685,-385.302729,Forehand Side,,
18,4,1,29,RudyQuan_PatrikMeszaros.xlsx,78.27148,474.084065,-67.585525,-153.91733000000002,Backhand Side,,
18,4,1,31,RudyQuan_PatrikMeszaros.xlsx,64.326185,454.67002,-105.65537499999999,-224.09981999999997,Backhand Side,,
18,4,1,33,RudyQuan_PatrikMeszaros.xlsx,96.72852,440.998145,101.83270999999999,-244.38186499999998,Forehand Side,,
18,4,1,10,RudyQuan_PatrikMeszaros.xlsx,25.70067,433.804852,77.674383,-373.590731,Forehand Side,,
19,4,1,2,RudyQuan_PatrikMeszaros.xlsx,50.268542,436.523602,-153.229504,-284.92961099999997,Backhand Side,,
24,5,1,7,RudyQuan_PatrikMeszaros.xlsx,23.350104,456.007977,77.599766,-355.56073499999997,Forehand Side,,
24,5,1,9,RudyQuan_PatrikMeszaros.xlsx,2.077995,434.257977,-98.527587,-360.76058,Backhand Side,,
25,5,1,5,RudyQuan_PatrikMeszaros.xlsx,59.019524000000004,504.039227,60.789857999999995,-388.048391,Forehand Side,,
25,5,1,9,RudyQuan_PatrikMeszaros.xlsx,52.081042,487.273602,-111.64614300000001,-275.915338,Backhand Side,,
27,5,1,3,RudyQuan_PatrikMeszaros.xlsx,11.575930000000001,441.054852,-35.373272,-321.48443000000003,Backhand Side,,
27,5,1,5,RudyQuan_PatrikMeszaros.xlsx,39.959970000000006,450.117352,-88.699226,-261.804054,Backhand Side,,
28,5,1,3,RudyQuan_PatrikMeszaros.xlsx,12.078616,475.039227,-75.822356,-377.40779799999996,Backhand Side,,
28,5,1,7,RudyQuan_PatrikMeszaros.xlsx,14.528333,434.711102,-47.544601,-460.835897,Backhand Side,,
31,6,1,4,RudyQuan_PatrikMeszaros.xlsx,89.41408,429.51377,-81.10053,-415.336845,Backhand Side,,
32,6,1,2,RudyQuan_PatrikMeszaros.xlsx,51.235345,457.13094,-78.7997,-227.56401500000004,Backhand Side,,
38,7,1,7,RudyQuan_PatrikMeszaros.xlsx,78.88671000000001,450.29502,-101.238375,-272.48046,Backhand Side,,
38,7,1,13,RudyQuan_PatrikMeszaros.xlsx,89.6875,433.615315,-75.3599,-277.4537849999999,Backhand Side,,
39,7,1,9,RudyQuan_PatrikMeszaros.xlsx,45.493175,443.73252,92.80873,-268.59416500000003,Forehand Side,,
41,8,1,2,RudyQuan_PatrikMeszaros.xlsx,56.329107,458.273602,-33.094974,-347.714002,Backhand Side,,
47,9,1,3,RudyQuan_PatrikMeszaros.xlsx,23.746592,464.617352,60.2156,-399.299347,Forehand Side,,
49,9,1,3,RudyQuan_PatrikMeszaros.xlsx,34.692381,461.898602,-80.37480500000001,-350.156498,Backhand Side,,
49,9,1,5,RudyQuan_PatrikMeszaros.xlsx,28.122083,479.570477,72.867314,-417.700369,Forehand Side,,
50,10,1,4,RudyQuan_PatrikMeszaros.xlsx,-20.16602,458.37148,113.714685,-428.49068500000004,Forehand Side,,
53,10,1,2,RudyQuan_PatrikMeszaros.xlsx,57.285165,489.943475,2.5656049999999997,-303.98395999999997,Forehand Side,,
54,10,1,4,RudyQuan_PatrikMeszaros.xlsx,52.87597,465.334065,-79.25413999999999,-308.75964,Backhand Side,,
58,11,1,3,RudyQuan_PatrikMeszaros.xlsx,-58.652335,417.08243500000003,52.920735,-182.02737000000002,Forehand Side,,
60,11,1,3,RudyQuan_PatrikMeszaros.xlsx,23.78908,457.95127,-21.558775,-142.391025,Backhand Side,,
62,11,1,3,RudyQuan_PatrikMeszaros.xlsx,67.983405,435.25594,-75.125505,-281.8897549999999,Backhand Side,,
66,12,1,10,RudyQuan_PatrikMeszaros.xlsx,36.986339,440.148602,99.750227,-279.836312,Forehand Side,,
69,12,1,4,RudyQuan_PatrikMeszaros.xlsx,62.701161,511.742352,-96.367087,-332.22211500000003,Backhand Side,,
71,13,2,5,RudyQuan_PatrikMeszaros.xlsx,49.333988,486.367352,-9.159794999999999,-325.244077,Backhand Side,,
72,13,2,3,RudyQuan_PatrikMeszaros.xlsx,41.942381,465.070477,102.61548499999999,-338.820137,Forehand Side,,
75,13,2,3,RudyQuan_PatrikMeszaros.xlsx,3.724122,450.117352,-92.962719,-392.02287,Backhand Side,,
75,13,2,5,RudyQuan_PatrikMeszaros.xlsx,22.769524,438.336102,56.982999,-361.461365,Forehand Side,,
77,14,2,2,RudyQuan_PatrikMeszaros.xlsx,62.309555,443.459065,-99.41151500000001,-356.8728449999999,Backhand Side,,
77,14,2,4,RudyQuan_PatrikMeszaros.xlsx,-50.82518,439.50431000000003,-90.274555,-372.975155,Backhand Side,,
77,14,2,8,RudyQuan_PatrikMeszaros.xlsx,65.625,465.88094,-143.98971999999998,-346.21860000000004,Backhand Side,,
81,14,2,2,RudyQuan_PatrikMeszaros.xlsx,66.85546,460.13877,-204.09462499999998,-223.42491500000006,Backhand Side,,
82,15,2,3,RudyQuan_PatrikMeszaros.xlsx,-8.48939,441.418355,-75.02456500000001,-278.43186000000003,Backhand Side,,
82,15,2,7,RudyQuan_PatrikMeszaros.xlsx,95.01953999999999,445.373145,-104.65903,-312.30206000000004,Backhand Side,,
88,16,2,8,RudyQuan_PatrikMeszaros.xlsx,87.453125,516.273602,66.729609,-363.006717,Forehand Side,,
88,16,2,11,RudyQuan_PatrikMeszaros.xlsx,62.417975999999996,512.648602,-73.842062,-376.102595,Backhand Side,,
90,16,2,8,RudyQuan_PatrikMeszaros.xlsx,71.310536,425.648602,-89.55278299999999,-359.771825,Backhand Side,,
90,16,2,10,RudyQuan_PatrikMeszaros.xlsx,29.424792,485.461102,66.413828,-472.46399800000006,Forehand Side,,
92,16,2,4,RudyQuan_PatrikMeszaros.xlsx,2.384206,475.492352,-71.085583,-396.919056,Backhand Side,,
93,16,2,2,RudyQuan_PatrikMeszaros.xlsx,37.609375,495.429852,12.482180000000001,-671.53125,Forehand Side,,
95,17,2,3,RudyQuan_PatrikMeszaros.xlsx,3.1701059999999996,471.867352,93.46531800000001,-297.710955,Forehand Side,,
100,18,2,2,RudyQuan_PatrikMeszaros.xlsx,52.773419999999994,492.95127,-22.797845000000002,197.66768000000002,Backhand Side,,
105,19,2,3,RudyQuan_PatrikMeszaros.xlsx,-14.047844999999999,478.605855,-199.998155,-412.68086999999997,Backhand Side,,
107,19,2,3,RudyQuan_PatrikMeszaros.xlsx,-27.95898,478.605855,-73.00783,183.16571,Backhand Side,,
108,19,2,3,RudyQuan_PatrikMeszaros.xlsx,-92.21681,427.199605,-87.705065,-229.28318000000007,Backhand Side,,
113,20,2,2,RudyQuan_PatrikMeszaros.xlsx,55.847649,483.648602,196.581604,-466.294567,Forehand Side,,
115,21,2,5,RudyQuan_PatrikMeszaros.xlsx,8.793467,407.523602,101.104759,-353.762619,Forehand Side,,
116,21,2,2,RudyQuan_PatrikMeszaros.xlsx,42.537113,487.273602,-5.603873,-647.96875,Backhand Side,,
118,21,2,5,RudyQuan_PatrikMeszaros.xlsx,13.466295,402.086102,109.869777,-342.697147,Forehand Side,,
119,21,2,3,RudyQuan_PatrikMeszaros.xlsx,17.473631,429.726727,-66.892589,-343.921875,Backhand Side,,
119,21,2,5,RudyQuan_PatrikMeszaros.xlsx,40.667976,428.367352,-2.366661,-316.87635900000004,Backhand Side,,
120,21,2,2,RudyQuan_PatrikMeszaros.xlsx,42.678720000000006,462.804852,-2.185962,-829.671875,Backhand Side,,
126,22,2,3,RudyQuan_PatrikMeszaros.xlsx,20.747055,443.73252,96.622505,-415.935275,Forehand Side,,
128,23,3,2,RudyQuan_PatrikMeszaros.xlsx,22.996101,415.226727,-39.595295,-372.76869700000003,Backhand Side,,
128,23,3,4,RudyQuan_PatrikMeszaros.xlsx,49.872083,463.257977,-90.43273,-361.10150400000003,Backhand Side,,
128,23,3,6,RudyQuan_PatrikMeszaros.xlsx,52.590833,506.304852,-101.895966,-272.472168,Backhand Side,,
128,23,3,8,RudyQuan_PatrikMeszaros.xlsx,35.315417,449.211102,89.56261400000001,-273.13307799999995,Forehand Side,,
128,23,3,18,RudyQuan_PatrikMeszaros.xlsx,53.355476,462.804852,-55.093880999999996,-387.89721399999996,Backhand Side,,
128,23,3,5,RudyQuan_PatrikMeszaros.xlsx,6.152582000000001,455.554852,-29.382655000000003,-356.877364,Backhand Side,,
128,23,3,7,RudyQuan_PatrikMeszaros.xlsx,14.938972999999999,415.679852,60.149480000000004,-346.41448299999996,Forehand Side,,
132,23,3,5,RudyQuan_PatrikMeszaros.xlsx,8.16039,443.185645,141.161685,-411.14283,Forehand Side,,
2,1,1,2,RudyQuan_PrestonStearns_4-3-2026.xlsx,55.747055,419.94344,-36.401365,-131.873665,Backhand Side,,
11,2,1,3,RudyQuan_PrestonStearns_4-3-2026.xlsx,39.138661,448.304852,14.471319,-324.384546,Forehand Side,,
11,2,1,15,RudyQuan_PrestonStearns_4-3-2026.xlsx,7.795171,425.648602,50.268542,-403.96095199999996,Forehand Side,,
18,4,1,3,RudyQuan_PrestonStearns_4-3-2026.xlsx,44.912105000000004,445.09969,-100.88914500000001,-321.24469999999997,Backhand Side,,
23,5,1,2,RudyQuan_PrestonStearns_4-3-2026.xlsx,77.861315,420.490315,-36.11538,-280.87556,Backhand Side,,
35,7,1,2,RudyQuan_PrestonStearns_4-3-2026.xlsx,70.121101,454.648602,-11.825939,-502.8958149999999,Backhand Side,,
46,9,2,2,RudyQuan_PrestonStearns_4-3-2026.xlsx,44.547857,489.992352,-62.056549,-383.823439,Backhand Side,,
57,10,2,3,RudyQuan_PrestonStearns_4-3-2026.xlsx,14.17433,432.898602,-4.544793,-395.72042799999997,Backhand Side,,
76,14,2,3,RudyQuan_PrestonStearns_4-3-2026.xlsx,18.167485000000003,430.179852,-81.166012,-261.01165799999995,Backhand Side,,
77,14,2,3,RudyQuan_PrestonStearns_4-3-2026.xlsx,47.266607,377.617352,-41.914222,-261.365052,Backhand Side,,
81,15,2,2,RudyQuan_PrestonStearns_4-3-2026.xlsx,-84.013685,429.66056000000003,-58.720690000000005,175.68159,Backhand Side,,
87,16,2,3,RudyQuan_PrestonStearns_4-3-2026.xlsx,-5.56703,573.762105,95.373145,-356.39947,Forehand Side,,
93,17,2,2,RudyQuan_PrestonStearns_4-3-2026.xlsx,35.711904999999994,457.367352,20.308729,-440.828826,Forehand Side,,
107,19,2,1,RudyQuan_PrestonStearns_4-3-2026.xlsx,86.40625,439.63094,15.657565,-356.0473,Forehand Side,,
107,19,2,2,RudyQuan_PrestonStearns_4-3-2026.xlsx,-81.826185,445.51993500000003,70.516145,-412.68086999999997,Forehand Side,,
111,20,2,5,RudyQuan_PrestonStearns_4-3-2026.xlsx,54.17482,425.959065,-92.73886999999999,-351.42705500000005,Backhand Side,,
119,21,3,2,RudyQuan_PrestonStearns_4-3-2026.xlsx,60.87403,465.88094,-167.25001999999998,11.911375,Backhand Side,,
121,21,3,6,RudyQuan_PrestonStearns_4-3-2026.xlsx,126.73828999999999,502.5216,-91.324345,-223.95618000000005,Backhand Side,,
122,21,3,6,RudyQuan_PrestonStearns_4-3-2026.xlsx,117.44141499999999,466.70127,144.13472499999997,-226.28119500000003,Forehand Side,,
124,22,3,3,RudyQuan_PrestonStearns_4-3-2026.xlsx,23.321771,432.898602,71.047042,-414.754491,Forehand Side,,
27,6,1,2,Rudy_Quan(UCLA)_vs_Tal_Goodman(UCI).xlsx,-39.716809999999995,428.966895,-11.44808,-178.4678,Backhand Side,,
29,6,1,2,Rudy_Quan(UCLA)_vs_Tal_Goodman(UCI).xlsx,65.693355,437.86368500000003,137.525465,-290.94737,Forehand Side,,
31,6,1,2,Rudy_Quan(UCLA)_vs_Tal_Goodman(UCI).xlsx,-55.576184999999995,425.41219,-45.185559999999995,200.516715,Backhand Side,,
47,10,2,2,Rudy_Quan(UCLA)_vs_Tal_Goodman(UCI).xlsx,72.32421000000001,435.12931000000003,13.13627,-224.129605,Forehand Side,,
59,12,2,2,Rudy_Quan(UCLA)_vs_Tal_Goodman(UCI).xlsx,-46.870119,426.554852,-0.799153,-465.748671,Backhand Side,,
63,12,2,2,Rudy_Quan(UCLA)_vs_Tal_Goodman(UCI).xlsx,-36.391607,444.679852,78.28802300000001,-509.023921,Forehand Side,,
86,16,2,2,Rudy_Quan(UCLA)_vs_Tal_Goodman(UCI).xlsx,-28.67433,452.836102,85.583988,-420.42393300000003,Forehand Side,,
